trade_date,factor,ic,rank_ic
2020-01-02,factor_momentum,,
2020-01-03,factor_momentum,,
2020-01-06,factor_momentum,,
2020-01-07,factor_momentum,,
2020-01-08,factor_momentum,,
2020-01-09,factor_momentum,,
2020-01-10,factor_momentum,,
2020-01-13,factor_momentum,,
2020-01-14,factor_momentum,,
2020-01-15,factor_momentum,,
2020-01-16,factor_momentum,,
2020-01-17,factor_momentum,,
2020-01-20,factor_momentum,,
2020-01-21,factor_momentum,,
2020-01-22,factor_momentum,,
2020-01-23,factor_momentum,,
2020-02-03,factor_momentum,,
2020-02-04,factor_momentum,,
2020-02-05,factor_momentum,,
2020-02-06,factor_momentum,,
2020-02-07,factor_momentum,0.06568668727476867,-0.04779525131051495
2020-02-10,factor_momentum,0.14785271920042609,0.11649707061362935
2020-02-11,factor_momentum,0.24066680181526595,0.12118408880666051
2020-02-12,factor_momentum,0.13994912422126604,0.13771199506629664
2020-02-13,factor_momentum,0.04884162670863442,0.055384235845565566
2020-02-14,factor_momentum,0.13518195707185843,0.21930987706624888
2020-02-17,factor_momentum,0.10188734835803237,0.0992291088498304
2020-02-18,factor_momentum,0.10716890824321379,0.16102870894824967
2020-02-19,factor_momentum,0.2382165744430917,0.30249768732654947
2020-02-20,factor_momentum,0.23205902506166018,0.3027443724946038
2020-02-21,factor_momentum,0.146316644943694,0.19925994449583717
2020-02-24,factor_momentum,-0.12646022518842265,-0.019673142152328092
2020-02-25,factor_momentum,-0.28506629337420686,-0.14091890225100215
2020-02-26,factor_momentum,-0.060242684434843125,0.04335491828553808
2020-02-27,factor_momentum,-0.003303997241478729,0.0507554733271662
2020-02-28,factor_momentum,0.10633316276473148,0.046068455134135065
2020-03-02,factor_momentum,-0.06311532671123113,-0.04563816339398881
2020-03-03,factor_momentum,-0.03528742161894066,-0.1477027443724946
2020-03-04,factor_momentum,0.027819376205850982,-0.18347209374036386
2020-03-05,factor_momentum,0.1329273323175168,-0.04162812210915818
2020-03-06,factor_momentum,0.13597359136689777,-0.0020351526364477336
2020-03-09,factor_momentum,0.21453547073515264,0.13956213382670365
2020-03-10,factor_momentum,0.07005524149259726,0.028183780450200435
2020-03-11,factor_momentum,0.14004847534117046,0.11156336725254394
2020-03-12,factor_momentum,0.06464531406354097,0.0292330938496631
2020-03-13,factor_momentum,-0.06419513437545762,-0.01091581868640148
2020-03-16,factor_momentum,0.22991953004966317,0.1738513721862473
2020-03-17,factor_momentum,0.37379892773634454,0.2303422756706753
2020-03-18,factor_momentum,0.3176120143746696,0.23576934936786928
2020-03-19,factor_momentum,0.08355916122942048,0.00746222633364169
2020-03-20,factor_momentum,0.17088093845526692,0.0625963613937712
2020-03-23,factor_momentum,0.20621683893958,0.09972247918593895
2020-03-24,factor_momentum,0.22266486961349724,0.1167473558173254
2020-03-25,factor_momentum,0.26427524356132,0.1686709836571076
2020-03-26,factor_momentum,0.18921704100569406,0.1345050878815911
2020-03-27,factor_momentum,0.23417398860199873,0.185445575084798
2020-03-30,factor_momentum,0.15846809493370634,0.09010175763182238
2020-03-31,factor_momentum,-0.11993357295150853,-0.09996916435399322
2020-04-01,factor_momentum,-0.20825568272751216,-0.20925069380203515
2020-04-02,factor_momentum,-0.19062593886162324,-0.23046561825470244
2020-04-03,factor_momentum,-0.22588943370758097,-0.1971631205673759
2020-04-07,factor_momentum,-0.18795541566331128,-0.2377428307123034
2020-04-08,factor_momentum,-0.27212787475414213,-0.2810360777058279
2020-04-09,factor_momentum,-0.23020249407790827,-0.2520505704594511
2020-04-10,factor_momentum,-0.1795293945325135,-0.19506629663891456
2020-04-13,factor_momentum,-0.24675978615107302,-0.16743755781683625
2020-04-14,factor_momentum,-0.1582471487883999,-0.13006475485661423
2020-04-15,factor_momentum,0.07957645908752742,0.07949429540548875
2020-04-16,factor_momentum,0.21257007152383295,0.21615787850755472
2020-04-17,factor_momentum,0.3325308861456753,0.3374036386062288
2020-04-20,factor_momentum,0.3766689116734824,0.35331483194572927
2020-04-21,factor_momentum,0.33079021679112336,0.33037311131668207
2020-04-22,factor_momentum,0.2983627971710257,0.35529926934158046
2020-04-23,factor_momentum,0.2789039862130783,0.35454825778600063
2020-04-24,factor_momentum,0.13457535903500956,0.17237126117792168
2020-04-27,factor_momentum,0.05286511075462805,0.11958063521430773
2020-04-28,factor_momentum,0.08486838950398287,0.10749306197964847
2020-04-29,factor_momentum,0.15279177093718743,0.10810977489978414
2020-04-30,factor_momentum,0.2829886416898527,0.24811125855948235
2020-05-06,factor_momentum,0.3452829962104009,0.2987449506492997
2020-05-07,factor_momentum,0.3664021811905983,0.3023743447425224
2020-05-08,factor_momentum,0.4052071455862589,0.3322232500770891
2020-05-11,factor_momentum,0.33160923708167006,0.3132284921369103
2020-05-12,factor_momentum,0.2095173676072728,0.26281379340159944
2020-05-13,factor_momentum,0.26285607550595574,0.3237126117792168
2020-05-14,factor_momentum,0.2935391647478773,0.22799876657415974
2020-05-15,factor_momentum,0.2870607075309999,0.2426765340733888
2020-05-18,factor_momentum,0.041941557953521585,0.04767190872648781
2020-05-19,factor_momentum,0.16863840646339204,0.1738513721862473
2020-05-20,factor_momentum,0.22276229869723413,0.16904101140918903
2020-05-21,factor_momentum,0.13743042254667953,0.06271970397779833
2020-05-22,factor_momentum,0.3402935045334491,0.27684242984890534
2020-05-25,factor_momentum,0.19095430844206623,0.17187789084181312
2020-05-26,factor_momentum,0.41573780133303595,0.33481344434165894
2020-05-27,factor_momentum,0.4024553895926625,0.3991982732038237
2020-05-28,factor_momentum,0.2256747922466551,0.1757069290668569
2020-05-29,factor_momentum,0.19351636090587462,0.11989268869988409
2020-06-01,factor_momentum,0.20471922344176952,0.2650856389986824
2020-06-02,factor_momentum,0.14788842420419518,0.1725353273441676
2020-06-03,factor_momentum,0.10882849544015986,0.11469415994891019
2020-06-04,factor_momentum,-0.11654149057050392,-0.0761528326745718
2020-06-05,factor_momentum,-0.0913989256677142,-0.06600790513833991
2020-06-08,factor_momentum,-0.12187833278377351,-0.08603145235892691
2020-06-09,factor_momentum,-0.12705607240601374,-0.08221797385691904
2020-06-10,factor_momentum,-0.18888668149215992,-0.13142152328091272
2020-06-11,factor_momentum,-0.10320912445945034,-0.0717237126117792
2020-06-12,factor_momentum,-0.09643894236451361,-0.11538698735738515
2020-06-15,factor_momentum,-0.16573100808798125,-0.13499845821769965
2020-06-16,factor_momentum,-0.28800457728895124,-0.2770891150169596
2020-06-17,factor_momentum,-0.27442882885054865,-0.23478260869565218
2020-06-18,factor_momentum,-0.43321824944596515,-0.4017884674683934
2020-06-19,factor_momentum,-0.25333515492996594,-0.20098674067221708
2020-06-22,factor_momentum,-0.2823255627635494,-0.20715386987357384
2020-06-23,factor_momentum,-0.27263333415587004,-0.16743755781683625
2020-06-24,factor_momentum,-0.28305040533756765,-0.1612704286154795
2020-06-29,factor_momentum,-0.2810132786612812,-0.15998026465406345
2020-06-30,factor_momentum,-0.276758326948343,-0.1602269574291661
2020-07-01,factor_momentum,-0.029435235598611262,0.012889300030835646
2020-07-02,factor_momentum,0.1672858470772171,0.19358618563058894
2020-07-03,factor_momentum,0.061790942712308,0.09318532223250076
2020-07-06,factor_momentum,-0.22194921543644028,-0.17668825161887142
2020-07-07,factor_momentum,-0.19087833814822175,-0.10798976230118161
2020-07-08,factor_momentum,-0.23236164045926638,-0.2074005550416281
2020-07-09,factor_momentum,-0.23911426310660858,-0.18149861239592968
2020-07-10,factor_momentum,-0.22657532931803878,-0.2458834412580944
2020-07-13,factor_momentum,-0.2315177371513289,-0.22972556275053962
2020-07-14,factor_momentum,-0.282756291252367,-0.2854764107308048
2020-07-15,factor_momentum,-0.3397779111672986,-0.379463459759482
2020-07-16,factor_momentum,-0.21055833828119835,-0.1578168362627197
2020-07-17,factor_momentum,-0.13370763597055596,-0.15831020659882822
2020-07-20,factor_momentum,-0.09764644638983713,-0.18211532531606536
2020-07-21,factor_momentum,0.10642966963400252,0.03780450200431699
2020-07-22,factor_momentum,0.2013083431470934,0.09380203515263645
2020-07-23,factor_momentum,0.11087819685801151,0.06382978723404255
2020-07-24,factor_momentum,0.08689103582591406,0.06987357385137218
2020-07-27,factor_momentum,-0.054007643919412616,-0.05470243601603453
2020-07-28,factor_momentum,0.09708428423433542,0.03928461301264261
2020-07-29,factor_momentum,-0.008837850587145236,-0.08714153561517113
2020-07-30,factor_momentum,-0.0825864273715175,-0.11020659882824546
2020-07-31,factor_momentum,-0.005313777698433643,-0.04779525131051495
2020-08-03,factor_momentum,-0.1278643011272127,-0.06753006475485661
2020-08-04,factor_momentum,-0.16297995679186175,-0.09898547600993518
2020-08-05,factor_momentum,-0.16127929546200212,-0.09269195189639222
2020-08-06,factor_momentum,-0.011991384671339846,0.03213074313906876
2020-08-07,factor_momentum,-0.15037689592267492,-0.10070921985815603
2020-08-10,factor_momentum,-0.073247487394443,0.028923835954363243
2020-08-11,factor_momentum,0.04777392343565766,0.023003391921060747
2020-08-12,factor_momentum,0.033926163601024364,0.12778685750316862
2020-08-13,factor_momentum,0.205546771013283,0.3519580635214308
2020-08-14,factor_momentum,0.1674049016712681,0.2293555349984582
2020-08-17,factor_momentum,0.21081011797790877,0.22553191489361699
2020-08-18,factor_momentum,0.11896075495531828,0.18322540857230957
2020-08-19,factor_momentum,0.1292727400152834,0.2238051187172371
2020-08-20,factor_momentum,-0.017121105996500244,0.012642614862781374
2020-08-21,factor_momentum,0.05097435324312956,0.10588960838729572
2020-08-24,factor_momentum,-0.07334706601822612,0.02337341967314215
2020-08-25,factor_momentum,-0.08881193090768709,-0.029047178538390374
2020-08-26,factor_momentum,-0.11805948985597481,0.00425531914893617
2020-08-27,factor_momentum,-0.154551359362113,-0.12920135676842429
2020-08-28,factor_momentum,-0.2565971888793209,-0.21554116558741904
2020-08-31,factor_momentum,-0.1802008316687867,-0.18618563058896084
2020-09-01,factor_momentum,-0.19322843967603076,-0.22294172062904719
2020-09-02,factor_momentum,-0.1468025700293576,-0.19210607462226334
2020-09-03,factor_momentum,-0.16123861721292637,-0.3105245306604508
2020-09-04,factor_momentum,-0.09613634965542928,-0.22836879432624113
2020-09-07,factor_momentum,0.010717658547293486,-0.2600678384212149
2020-09-08,factor_momentum,0.15776234202563172,-0.010052420598211532
2020-09-09,factor_momentum,0.05064280891644375,-0.1164389898484471
2020-09-10,factor_momentum,0.06583562042595056,-0.08578476719087264
2020-09-11,factor_momentum,0.01693224937930156,-0.1386413396076849
2020-09-14,factor_momentum,0.0590124201186388,-0.0608695652173913
2020-09-15,factor_momentum,0.2725936193883893,0.0431082331174838
2020-09-16,factor_momentum,0.27147864742963185,0.1037927844588344
2020-09-17,factor_momentum,0.3124132309430857,0.15955204216073782
2020-09-18,factor_momentum,0.2792138463641178,0.11119333950046253
2020-09-21,factor_momentum,0.10063348311170817,0.03274745605920444
2020-09-22,factor_momentum,-0.017693111031691793,-0.04014801110083256
2020-09-23,factor_momentum,0.012630754781251231,0.07127799736495387
2020-09-24,factor_momentum,0.06767213820026083,0.13623188405797101
2020-09-25,factor_momentum,0.2129155200719561,0.15337650323774282
2020-09-28,factor_momentum,0.2175133112832587,0.17409805735430156
2020-09-29,factor_momentum,0.20950777201492787,0.15843354918285538
2020-09-30,factor_momentum,0.20668344559086937,0.19642306506321308
2020-10-09,factor_momentum,0.29773098187227964,0.31268309244259895
2020-10-12,factor_momentum,0.31898952659766566,0.33444341658957755
2020-10-13,factor_momentum,0.22264875534594214,0.32334258402713534
2020-10-14,factor_momentum,0.23857833241319867,0.39433465085638997
2020-10-15,factor_momentum,0.22101409231023686,0.3046113306982872
2020-10-16,factor_momentum,0.03394528649326304,0.18761528326745716
2020-10-19,factor_momentum,0.0562188425369491,0.19467044379611118
2020-10-20,factor_momentum,0.13858137524216674,0.24229249011857704
2020-10-21,factor_momentum,0.19374051952176444,0.2563899868247694
2020-10-22,factor_momentum,0.3351274831761981,0.3831755529281789
2020-10-23,factor_momentum,0.2486307926756041,0.282022818378045
2020-10-26,factor_momentum,0.18705720491901215,0.24427998766574158
2020-10-27,factor_momentum,0.00980218163059507,0.08837496145544249
2020-10-28,factor_momentum,-0.04171966338384704,-0.00795559666975023
2020-10-29,factor_momentum,-0.05940513732827278,-0.01461609620721554
2020-10-30,factor_momentum,0.015761389689301145,0.07332716620413197
2020-11-02,factor_momentum,0.045342508913019185,-0.050878815911193344
2020-11-03,factor_momentum,0.16764597927334846,0.06839346284304655
2020-11-04,factor_momentum,0.047521645838391344,-0.047548566142460676
2020-11-05,factor_momentum,-0.049815938519945174,-0.06234967622571693
2020-11-06,factor_momentum,-0.06717832461462747,-0.11970397779833486
2020-11-09,factor_momentum,-0.07819235309971945,-0.07678075855689176
2020-11-10,factor_momentum,-0.13928060628522604,-0.21048411964230648
2020-11-11,factor_momentum,-0.13266603991160544,-0.228245451742214
2020-11-12,factor_momentum,-0.11159751104194353,-0.14437249460376195
2020-11-13,factor_momentum,-0.09282231268424451,-0.10083256244218317
2020-11-16,factor_momentum,-0.11529580348273617,-0.15275979031760714
2020-11-17,factor_momentum,-0.1815126157202221,-0.18211532531606536
2020-11-18,factor_momentum,-0.13393350435131648,-0.07357385137218625
2020-11-19,factor_momentum,-0.07772489972964079,-0.040641381436941106
2020-11-20,factor_momentum,-0.003172668770761042,-0.0062288004933703355
2020-11-23,factor_momentum,0.01689034747736376,0.01917977181621955
2020-11-24,factor_momentum,-0.13437044903879053,-0.1282146160962072
2020-11-25,factor_momentum,-0.1429826807378927,-0.1299414122725871
2020-11-26,factor_momentum,-0.11281974854734891,-0.12932469935245142
2020-11-27,factor_momentum,-0.11554255828155452,-0.07332716620413197
2020-11-30,factor_momentum,-0.06842580157719189,-0.07209374036386063
2020-12-01,factor_momentum,-0.17422225143040168,-0.07456059204440332
2020-12-02,factor_momentum,-0.22685494330617567,-0.15337650323774282
2020-12-03,factor_momentum,-0.08287770160208552,-0.047488359207258614
2020-12-04,factor_momentum,0.012735822713441494,0.03413716541260639
2020-12-07,factor_momentum,-0.018351622585490807,0.036572203908966705
2020-12-08,factor_momentum,-0.01928312888666997,-0.031514030218933085
2020-12-09,factor_momentum,0.10764079325345334,0.09836571076164044
2020-12-10,factor_momentum,0.17090906123385338,0.09281529448041935
2020-12-11,factor_momentum,0.07974858295878622,0.017946899388717217
2020-12-14,factor_momentum,0.15462307742469225,0.1505396238051187
2020-12-15,factor_momentum,0.2469161233394694,0.18285538082022817
2020-12-16,factor_momentum,0.14281047498983063,0.19642306506321308
2020-12-17,factor_momentum,0.08143694727763337,0.1414122725871107
2020-12-18,factor_momentum,-0.06131239350940959,0.05531914893617021
2020-12-21,factor_momentum,-0.14169455406134704,-0.030280604378661733
2020-12-22,factor_momentum,-0.10020156659007226,0.06333641689793401
2020-12-23,factor_momentum,-0.06904597818701011,0.042491520197348136
2020-12-24,factor_momentum,0.058746707863405835,0.15954363243909958
2020-12-25,factor_momentum,0.15365474146543037,0.1620104841196423
2020-12-28,factor_momentum,0.01524666548312005,0.09022510021584952
2020-12-29,factor_momentum,0.014150620167203254,0.12032069071847054
2020-12-30,factor_momentum,-0.010220374439132346,0.11539054555426088
2020-12-31,factor_momentum,0.04683927636477289,0.1847055195806352
2021-01-04,factor_momentum,-0.08331976573211444,0.027999629974149884
2021-01-05,factor_momentum,-0.11599319054301799,-0.03089731729879741
2021-01-06,factor_momentum,-0.0824625423337682,0.025716928769657723
2021-01-07,factor_momentum,-0.16199520106514742,-0.10638297872340426
2021-01-08,factor_momentum,-0.010805500756876571,0.07801418439716312
2021-01-11,factor_momentum,0.08330324362469804,0.17718162195497997
2021-01-12,factor_momentum,0.05261913234551675,0.16016034535923526
2021-01-13,factor_momentum,0.11176624695880723,0.1888991674375578
2021-01-14,factor_momentum,0.048917161619092694,0.0713536848596978
2021-01-15,factor_momentum,0.10148248516920681,0.12488436632747454
2021-01-18,factor_momentum,-0.13838409641523583,-0.16817761332099906
2021-01-19,factor_momentum,-0.07176714112614932,-0.05988282454517422
2021-01-20,factor_momentum,-0.140331994688624,-0.20678384212149248
2021-01-21,factor_momentum,-0.055808261408061936,-0.1205673758865248
2021-01-22,factor_momentum,-0.19672920731943083,-0.25883441258094353
2021-01-25,factor_momentum,-0.13615241168372097,-0.1916127042861548
2021-01-26,factor_momentum,-0.004987664935163696,-0.10625963613937711
2021-01-27,factor_momentum,0.0019015348188904518,-0.06481652790625964
2021-01-28,factor_momentum,-0.06865366996267631,-0.1114434611526186
2021-01-29,factor_momentum,-0.15811409639105736,-0.22947887758248536
2021-02-01,factor_momentum,-0.1807272773257946,-0.16225716928769657
2021-02-02,factor_momentum,-0.23615813367472882,-0.204563675609004
2021-02-03,factor_momentum,-0.2144578245332019,-0.1627505396238051
2021-02-04,factor_momentum,-0.20627573938983132,-0.15905026210299103
2021-02-05,factor_momentum,-0.23288215698287956,-0.2168979340117175
2021-02-08,factor_momentum,-0.23674487489789434,-0.260191181005242
2021-02-09,factor_momentum,-0.2508145118014423,-0.2308356460067838
2021-02-10,factor_momentum,-0.25197580969185274,-0.32445266728337957
2021-02-18,factor_momentum,-0.07971045419895825,-0.11723712611779216
2021-02-19,factor_momentum,-0.03533425050352787,-0.087018193031144
2021-02-22,factor_momentum,0.05662146996019339,-0.014862781375269812
2021-02-23,factor_momentum,-0.12506392026712873,-0.16151711378353376
2021-02-24,factor_momentum,-0.043606826213968906,0.02793709528214616
2021-02-25,factor_momentum,-0.05653630399002089,-0.04914361001317522
2021-02-26,factor_momentum,0.04179529505763317,0.07575757575757575
2021-03-01,factor_momentum,0.06188160910567278,0.030280604378661733
2021-03-02,factor_momentum,-0.10250207843612669,-0.18273203823620104
2021-03-03,factor_momentum,-0.003606782795251784,-0.11970397779833486
2021-03-04,factor_momentum,-0.02516906161244073,-0.20148011100832564
2021-03-05,factor_momentum,0.015382287873922373,-0.14091890225100215
2021-03-08,factor_momentum,-0.05320377309550141,-0.14585260561208757
2021-03-09,factor_momentum,0.007000596646021706,-0.1358618563058896
2021-03-10,factor_momentum,0.13850738858233885,0.052975639839654635
2021-03-11,factor_momentum,0.12936117839918654,0.03484427998766574
2021-03-12,factor_momentum,0.1161997953632938,0.017946345975948193
2021-03-15,factor_momentum,-0.11205174134178869,-0.19469626888683317
2021-03-16,factor_momentum,0.00509056620283127,-0.07801418439716312
2021-03-17,factor_momentum,0.059582934269226215,-0.01461609620721554
2021-03-18,factor_momentum,0.11766749651580599,0.02744372494603762
2021-03-19,factor_momentum,-0.052809937323100194,-0.10662966389145853
2021-03-22,factor_momentum,-0.07756842926172827,-0.11008325624421833
2021-03-23,factor_momentum,-0.1318303268784534,-0.13314831945729264
2021-03-24,factor_momentum,-0.0035404788635545192,-0.09737897008942337
2021-03-25,factor_momentum,0.08671309691980288,-0.009929078014184396
2021-03-26,factor_momentum,0.08932869153503228,0.018563058896083874
2021-03-29,factor_momentum,0.10849506638397566,0.11341350601295097
2021-03-30,factor_momentum,0.13284078652206666,0.1483194572926303
2021-03-31,factor_momentum,-0.018905706969651104,0.03135704874835309
2021-04-01,factor_momentum,-0.011874663081241701,0.013876040703052728
2021-04-02,factor_momentum,-0.06312814064596889,-0.06629663891458526
2021-04-06,factor_momentum,0.020358136504867244,0.03126734505087882
2021-04-07,factor_momentum,0.10973932179893045,0.15454545454545454
2021-04-08,factor_momentum,0.22142488008511624,0.28102766798418966
2021-04-09,factor_momentum,-0.045022297060546,0.11251646903820817
2021-04-12,factor_momentum,-0.14318817781184956,0.0025032938076416334
2021-04-13,factor_momentum,-0.12836002008747804,-0.12266139657444006
2021-04-14,factor_momentum,-0.09730516431882513,-0.15810276679841895
2021-04-15,factor_momentum,-0.09052398213047216,-0.09367588932806324
2021-04-16,factor_momentum,-0.024489921161689784,-0.06982872200263503
2021-04-19,factor_momentum,0.03649782360640485,-0.07826086956521737
2021-04-20,factor_momentum,0.05795423846843066,-0.04848484848484848
2021-04-21,factor_momentum,-0.009994435132388998,-0.048165279062596364
2021-04-22,factor_momentum,0.00821587485458164,-0.05815602836879432
2021-04-23,factor_momentum,-0.004466245449215242,-0.07443724946037619
2021-04-26,factor_momentum,-0.10275538905384253,-0.19913660191181004
2021-04-27,factor_momentum,-0.07936432594438209,-0.13906876349059513
2021-04-28,factor_momentum,0.031214745156531776,-0.06666666666666667
2021-04-29,factor_momentum,0.03416960104305909,-0.03694110391612704
2021-04-30,factor_momentum,-0.159244811955349,-0.19827320382362007
2021-05-06,factor_momentum,-0.2185276627306731,-0.23724946037619488
2021-05-07,factor_momentum,-0.2325506860780998,-0.22035152636447736
2021-05-10,factor_momentum,-0.28077491655054243,-0.21134751773049643
2021-05-11,factor_momentum,-0.1974093400376035,-0.21763798951588037
2021-05-12,factor_momentum,-0.16622332664832476,-0.185445575084798
2021-05-13,factor_momentum,0.014452561328663502,0.06821055231588057
2021-05-14,factor_momentum,0.015272524119520986,0.06456984273820536
2021-05-17,factor_momentum,0.0038024635691389225,0.13425840271353684
2021-05-18,factor_momentum,-0.10571016204574493,-0.014862781375269812
2021-05-19,factor_momentum,-0.20952887892009447,-0.08529139685476411
2021-05-20,factor_momentum,-0.04407017598336577,-0.023743447425223555
2021-05-21,factor_momentum,-0.013927931635871894,0.0024051803885291397
2021-05-24,factor_momentum,0.21038891411769353,0.1606537156953438
2021-05-25,factor_momentum,0.1617310589316046,-0.010669133518347208
2021-05-26,factor_momentum,0.2264213978156974,0.034597594819611464
2021-05-27,factor_momentum,0.21144112709031743,-0.01782300339192106
2021-05-28,factor_momentum,0.21230705901026475,-0.018439716312056736
2021-05-31,factor_momentum,0.2061903046353784,0.0765340733888375
2021-06-01,factor_momentum,0.3120408285680928,0.26278137526981193
2021-06-02,factor_momentum,0.2909713298721633,0.21443108233117483
2021-06-03,factor_momentum,0.17716248244140986,0.02880049337033611
2021-06-04,factor_momentum,0.20752029181055098,0.013752698119025594
2021-06-07,factor_momentum,-0.0026186308985515355,-0.17261794634597596
2021-06-08,factor_momentum,0.09353245791829434,-0.06728337958680235
2021-06-09,factor_momentum,0.09508308410642666,-0.027320382362010485
2021-06-10,factor_momentum,0.08939895000062065,-0.05001541782300339
2021-06-11,factor_momentum,0.29941772634049346,0.1969164353993216
2021-06-15,factor_momentum,0.23817230012192497,0.17335800185013875
2021-06-16,factor_momentum,0.15316918931240184,0.0748353096179183
2021-06-17,factor_momentum,0.08204331867402909,0.030830039525691695
2021-06-18,factor_momentum,0.2785906274080089,0.41515151515151505
2021-06-21,factor_momentum,0.26226091752880937,0.25006587615283266
2021-06-22,factor_momentum,0.3753418874241926,0.37299077733860336
2021-06-23,factor_momentum,0.3391612608318688,0.4025032938076416
2021-06-24,factor_momentum,0.2739959677027034,0.501185770750988
2021-06-25,factor_momentum,0.4575797581469362,0.5855072463768115
2021-06-28,factor_momentum,0.4113326528622214,0.4743083003952569
2021-06-29,factor_momentum,0.4217049075342477,0.5367588932806323
2021-06-30,factor_momentum,0.2930913620363393,0.4342555994729907
2021-07-01,factor_momentum,0.2751872629349107,0.31923583662714095
2021-07-02,factor_momentum,0.2790436694833103,0.3885375494071146
2021-07-05,factor_momentum,0.29498952403753215,0.4367588932806324
2021-07-06,factor_momentum,0.09515315812548766,0.20493370336108543
2021-07-07,factor_momentum,0.1203642258067763,0.22466851680542707
2021-07-08,factor_momentum,0.09481557933167675,0.23922294172062902
2021-07-09,factor_momentum,0.2857217067369172,0.3966080789392538
2021-07-12,factor_momentum,0.25998621157867285,0.3000308356460068
2021-07-13,factor_momentum,0.3320791655941588,0.39882824545174217
2021-07-14,factor_momentum,0.18240431619476688,0.2238051187172371
2021-07-15,factor_momentum,0.35908427192452796,0.4233734196731422
2021-07-16,factor_momentum,0.47260778003884585,0.404995374653099
2021-07-19,factor_momentum,0.339736476308231,0.1777983348751156
2021-07-20,factor_momentum,0.43560648827102544,0.2652482269503546
2021-07-21,factor_momentum,0.2584333781455142,0.1477027443724946
2021-07-22,factor_momentum,0.3343461604629253,0.26043786617329634
2021-07-23,factor_momentum,0.35776361838598036,0.3103916127042861
2021-07-26,factor_momentum,0.36108993237139303,0.31828553808202287
2021-07-27,factor_momentum,0.19881062144332412,0.15448658649398705
2021-07-28,factor_momentum,0.3265494412534818,0.26820844896700585
2021-07-29,factor_momentum,0.44998738677373473,0.40906567992599446
2021-07-30,factor_momentum,0.35023969039096936,0.23441258094357076
2021-08-02,factor_momentum,0.27199913168753775,0.1816219549799568
2021-08-03,factor_momentum,0.2740281727227779,0.16990440949737898
2021-08-04,factor_momentum,0.18215550262633962,0.10786308973172987
2021-08-05,factor_momentum,0.20701484424824848,0.16040703052728952
2021-08-06,factor_momentum,0.07221672178846003,0.06493987049028677
2021-08-09,factor_momentum,0.09827867335306949,0.0810977489978415
2021-08-10,factor_momentum,0.16840788568122717,0.17755164970706136
2021-08-11,factor_momentum,0.21743283347080805,0.26401480111008324
2021-08-12,factor_momentum,0.36524784880222827,0.3806968855997533
2021-08-13,factor_momentum,0.418370776259006,0.41251927227875423
2021-08-16,factor_momentum,0.3512667204962131,0.34098057354301575
2021-08-17,factor_momentum,0.43080179050453293,0.3021276595744681
2021-08-18,factor_momentum,0.42569426596309823,0.33037311131668207
2021-08-19,factor_momentum,0.23758640398320346,0.19013259327782916
2021-08-20,factor_momentum,0.03741188949275934,0.008448967005858773
2021-08-23,factor_momentum,-0.020603521102261574,-0.04631514030218933
2021-08-24,factor_momentum,0.036480035490225604,-0.009805735430157262
2021-08-25,factor_momentum,-0.014802587626830704,0.03910080485376878
2021-08-26,factor_momentum,-0.22941936009524483,-0.20678384212149248
2021-08-27,factor_momentum,-0.11690897007830603,-0.07369719395621338
2021-08-30,factor_momentum,-0.2822626061242839,-0.17768047126767803
2021-08-31,factor_momentum,-0.34557028727657996,-0.30281538143849324
2021-09-01,factor_momentum,-0.2074556292549869,-0.19679309281529445
2021-09-02,factor_momentum,-0.40092658633062095,-0.4732038236201048
2021-09-03,factor_momentum,-0.3295214591339483,-0.35343817452975634
2021-09-06,factor_momentum,-0.40558207135356805,-0.477027443724946
2021-09-07,factor_momentum,-0.5616707913014062,-0.5847055195806352
2021-09-08,factor_momentum,-0.4829232033010765,-0.5204440333024977
2021-09-09,factor_momentum,-0.48103567309580425,-0.5330249768732654
2021-09-10,factor_momentum,-0.4183549221127779,-0.48122109158186865
2021-09-13,factor_momentum,-0.46426712858701863,-0.5378353376503238
2021-09-14,factor_momentum,-0.40482649503494594,-0.44495837187789083
2021-09-15,factor_momentum,-0.5406864049152602,-0.5992167507243179
2021-09-16,factor_momentum,-0.503034847273023,-0.5342584027135369
2021-09-17,factor_momentum,-0.3567447200442726,-0.44915201973481345
2021-09-22,factor_momentum,-0.44099415723507907,-0.5018193031144003
2021-09-23,factor_momentum,-0.5161648336305977,-0.5759481961147086
2021-09-24,factor_momentum,-0.456944513616468,-0.49466543324082635
2021-09-27,factor_momentum,-0.2126835224281468,-0.1702744372494604
2021-09-28,factor_momentum,-0.3009252683399453,-0.24045636756090039
2021-09-29,factor_momentum,-0.3029893632680797,-0.28535306814677763
2021-09-30,factor_momentum,-0.17414792397685097,-0.15140302189330865
2021-10-08,factor_momentum,-0.0279053824601078,0.058649398704902864
2021-10-11,factor_momentum,-0.008894968646960107,0.03743447425223559
2021-10-12,factor_momentum,-0.10954051317335435,-0.05963613937711995
2021-10-13,factor_momentum,-0.14655753816088504,-0.0702436016034536
2021-10-14,factor_momentum,-0.03292920848391954,0.011779216774591426
2021-10-15,factor_momentum,0.014892805098428644,0.04569842738205366
2021-10-18,factor_momentum,0.12953882753252982,0.12969472710453284
2021-10-19,factor_momentum,0.18095890272262535,0.24576009867406723
2021-10-20,factor_momentum,0.25887790516996334,0.33900709219858155
2021-10-21,factor_momentum,0.17629857893975484,0.20296022201665126
2021-10-22,factor_momentum,0.08034746194796055,0.12217082947887759
2021-10-25,factor_momentum,0.15493787694883024,0.23071230342275673
2021-10-26,factor_momentum,0.18381616066546064,0.20444033302497688
2021-10-27,factor_momentum,0.17854261737022542,0.25550416281221094
2021-10-28,factor_momentum,0.12489362093876842,0.18914585260561206
2021-10-29,factor_momentum,-0.07500855519755698,-0.01473989331238287
2021-11-01,factor_momentum,-0.07802957078638895,0.010299105766265802
2021-11-02,factor_momentum,-0.19259385198463008,-0.16805427073697193
2021-11-03,factor_momentum,-0.17887704632445586,-0.18815911193339496
2021-11-04,factor_momentum,-0.20187409852370825,-0.22762873882207832
2021-11-05,factor_momentum,-0.1733657016465853,-0.23416589577551647
2021-11-08,factor_momentum,-0.21685252064080632,-0.24724020968239283
2021-11-09,factor_momentum,-0.2489188097365263,-0.24131976564909033
2021-11-10,factor_momentum,-0.09846283222732655,-0.19185938945420905
2021-11-11,factor_momentum,-0.04737841756037779,-0.1404255319148936
2021-11-12,factor_momentum,-0.21111667898739195,-0.2927536231884058
2021-11-15,factor_momentum,-0.2392724942250306,-0.4009250693802035
2021-11-16,factor_momentum,-0.1579898140717747,-0.23120567375886525
2021-11-17,factor_momentum,-0.1469755560595846,-0.2261486278137527
2021-11-18,factor_momentum,-0.14255990648168,-0.3238359543632439
2021-11-19,factor_momentum,-0.03910117342037664,-0.21791155411590019
2021-11-22,factor_momentum,-0.07443361634938,-0.26327474560592046
2021-11-23,factor_momentum,-0.13116388094814974,-0.22417514646931852
2021-11-24,factor_momentum,-0.0011795173383581659,-0.04902867715078631
2021-11-25,factor_momentum,0.10710828578058941,0.023003391921060747
2021-11-26,factor_momentum,0.12000447881403352,0.018070245776268538
2021-11-29,factor_momentum,0.10192855452435316,0.07110699969164354
2021-11-30,factor_momentum,0.05611850669968076,0.017699660807893924
2021-12-01,factor_momentum,0.020418123221731976,0.04144438621724388
2021-12-02,factor_momentum,0.013520685158331894,-0.025963613937711995
2021-12-03,factor_momentum,-0.0688775717226107,-0.1797718162195498
2021-12-06,factor_momentum,-0.18114511786828227,-0.26827839292412337
2021-12-07,factor_momentum,-0.04544410753226511,-0.17730496453900707
2021-12-08,factor_momentum,-0.15489968189827988,-0.20752389762565526
2021-12-09,factor_momentum,-0.17687799151763026,-0.22232500770891148
2021-12-10,factor_momentum,-0.12007605689546416,-0.14301572617946345
2021-12-13,factor_momentum,-0.24533578248766988,-0.23539932161578783
2021-12-14,factor_momentum,-0.28417687691493815,-0.22220166512488432
2021-12-15,factor_momentum,-0.3169329992752375,-0.2833795868023435
2021-12-16,factor_momentum,-0.32780312933346456,-0.3005242059821153
2021-12-17,factor_momentum,-0.3389911392512167,-0.3695182906052527
2021-12-20,factor_momentum,-0.24576182576306704,-0.18495220474868945
2021-12-21,factor_momentum,-0.07085328282995226,-0.01325932778291705
2021-12-22,factor_momentum,-0.14430487434852368,0.04224483502929386
2021-12-23,factor_momentum,-0.13920284465488272,0.10305272895467159
2021-12-24,factor_momentum,-0.15239355917366532,-0.03188405797101449
2021-12-27,factor_momentum,-0.11279492708442879,0.02448350292938637
2021-12-28,factor_momentum,0.02254540696165625,-0.021769966080789394
2021-12-29,factor_momentum,0.09592717620584021,0.0860957785108221
2021-12-30,factor_momentum,0.09994597102183604,0.03089731729879741
2021-12-31,factor_momentum,0.2060857151555559,0.20986740672217083
2022-01-04,factor_momentum,0.13408152675818877,0.12087945980029466
2022-01-05,factor_momentum,0.07135179396713551,0.02448350292938637
2022-01-06,factor_momentum,0.20191779116527206,0.15177304964539004
2022-01-07,factor_momentum,0.1814498487977506,0.18026518655565835
2022-01-10,factor_momentum,0.07386662983762309,0.03916127042861548
2022-01-11,factor_momentum,-0.08781551592330525,-0.1856922602528523
2022-01-12,factor_momentum,0.05765749660980203,0.04569842738205366
2022-01-13,factor_momentum,0.052008326444119346,0.08541473943879124
2022-01-14,factor_momentum,0.14845178605463494,0.19827320382362007
2022-01-17,factor_momentum,0.11551501923541169,0.12476102374344741
2022-01-18,factor_momentum,0.10762219664806388,0.1396854764107308
2022-01-19,factor_momentum,-0.10228301931715915,-0.08146777674992291
2022-01-20,factor_momentum,-0.2513291867659975,-0.12796793092815295
2022-01-21,factor_momentum,-0.40836985204131654,-0.24539007092198584
2022-01-24,factor_momentum,-0.34473275844877604,-0.15386987357385137
2022-01-25,factor_momentum,-0.3921751065868434,-0.23613937711995064
2022-01-26,factor_momentum,-0.2158795033799359,-0.07887758248535306
2022-01-27,factor_momentum,-0.17694366892756688,-0.12130743139068764
2022-01-28,factor_momentum,-0.06273384457383926,-0.020043169904409495
2022-02-07,factor_momentum,-0.030306981200837052,0.03829787234042553
2022-02-08,factor_momentum,-0.05046867568422915,-0.022880049337033612
2022-02-09,factor_momentum,0.08684966199885633,0.09478877582485354
2022-02-10,factor_momentum,-0.17062467010434149,-0.12217082947887759
2022-02-11,factor_momentum,-0.26695004246813436,-0.22503854455750846
2022-02-14,factor_momentum,-0.13626454596911833,-0.09318532223250076
2022-02-15,factor_momentum,-0.09728855466729694,0.021153253160653716
2022-02-16,factor_momentum,-0.11981423701488134,-0.060252852297255625
2022-02-17,factor_momentum,-0.1306174301088271,-0.07795491693243492
2022-02-18,factor_momentum,-0.08350582629414785,-0.08788159111933394
2022-02-21,factor_momentum,-0.16898201398512874,-0.07086031452358928
2022-02-22,factor_momentum,0.050900014837654176,0.039901325932778293
2022-02-23,factor_momentum,0.02522946469636065,0.04717853839037928
2022-02-24,factor_momentum,0.04702077507059144,-0.03595436324390996
2022-02-25,factor_momentum,0.010128512293012745,-0.07579401788467467
2022-02-28,factor_momentum,-0.06381780601901099,-0.08973172987974098
2022-03-01,factor_momentum,0.08729059208098298,0.038174529756398394
2022-03-02,factor_momentum,-0.06214731670344967,-0.11390687634905951
2022-03-03,factor_momentum,-0.18313613330413905,-0.20678384212149248
2022-03-04,factor_momentum,-0.1930366793143176,-0.21208757323465927
2022-03-07,factor_momentum,-0.1119838777721376,-0.14893617021276595
2022-03-08,factor_momentum,-0.1195883318943768,-0.13666779740686377
2022-03-09,factor_momentum,-0.08652065672738585,-0.061362935553499844
2022-03-10,factor_momentum,-0.259446269817416,-0.204563675609004
2022-03-11,factor_momentum,-0.34142514146693015,-0.2765957446808511
2022-03-14,factor_momentum,-0.25311235245569536,-0.11193339500462535
2022-03-15,factor_momentum,-0.23754900965957823,-0.09515880357693493
2022-03-16,factor_momentum,-0.22976315048342552,-0.1312981806968856
2022-03-17,factor_momentum,-0.039723965533969466,0.03743562862182595
2022-03-18,factor_momentum,0.07252881860234697,0.06173296330558124
2022-03-21,factor_momentum,-0.0838979148286033,-0.012889300030835646
2022-03-22,factor_momentum,0.06556735143869409,0.07789084181313598
2022-03-23,factor_momentum,0.17069454087738767,0.12562442183163736
2022-03-24,factor_momentum,0.19139709429040153,0.2143077397471477
2022-03-25,factor_momentum,0.20607445521400378,0.2065371569534382
2022-03-28,factor_momentum,0.03471005347765301,0.027691264005271582
2022-03-29,factor_momentum,-0.1098114392101251,-0.06901017576318223
2022-03-30,factor_momentum,0.04773946182748814,0.022880049337033612
2022-03-31,factor_momentum,-0.014130698001811524,-0.020166512488436632
2022-04-01,factor_momentum,-0.1730777315117888,-0.1459759481961147
2022-04-06,factor_momentum,-0.15477452143383197,-0.1382053654024052
2022-04-07,factor_momentum,-0.16795043732345466,-0.13808628086370398
2022-04-08,factor_momentum,-0.386702582396008,-0.4035152636447733
2022-04-11,factor_momentum,-0.4865598167853531,-0.48874498920752385
2022-04-12,factor_momentum,-0.31171805366341276,-0.2743223659141381
2022-04-13,factor_momentum,-0.2524466473991232,-0.24452667283379584
2022-04-14,factor_momentum,-0.3053704907779868,-0.29201356768424297
2022-04-15,factor_momentum,-0.3717654849467669,-0.3378970089423373
2022-04-18,factor_momentum,-0.2560041394350234,-0.22836879432624113
2022-04-19,factor_momentum,-0.3611851973159761,-0.35098214577728415
2022-04-20,factor_momentum,-0.2596186360396114,-0.3119950662966389
2022-04-21,factor_momentum,-0.24558175170074542,-0.2740055504162812
2022-04-22,factor_momentum,-0.3800327037507206,-0.44680851063829785
2022-04-25,factor_momentum,-0.48893831803753063,-0.5547332716620412
2022-04-26,factor_momentum,-0.517579022035831,-0.5755781683626272
2022-04-27,factor_momentum,-0.34557076711538093,-0.40112245231689614
2022-04-28,factor_momentum,-0.33997377072162827,-0.40166512488436634
2022-04-29,factor_momentum,-0.19736275817255336,-0.259204440333025
2022-05-05,factor_momentum,-0.10038771172294786,-0.16982872200263505
2022-05-06,factor_momentum,-0.0016290544490833725,-0.057787782567793926
2022-05-09,factor_momentum,0.11621404506689956,0.1452358926919519
2022-05-10,factor_momentum,0.12595506952961302,0.06691335183472093
2022-05-11,factor_momentum,0.20242955902561766,0.1491828553808202
2022-05-12,factor_momentum,0.30790303543523273,0.2226950354609929
2022-05-13,factor_momentum,0.23067293755802096,0.08017762427531762
2022-05-16,factor_momentum,0.23055116392012104,0.042491520197348136
2022-05-17,factor_momentum,0.3346731214554781,0.09676225716928769
2022-05-18,factor_momentum,0.4875275533196325,0.24415664508171442
2022-05-19,factor_momentum,0.44605298848298996,0.27277212457600986
2022-05-20,factor_momentum,0.5970933158825157,0.4488575042992574
2022-05-23,factor_momentum,0.6317370547691454,0.5086031452358927
2022-05-24,factor_momentum,0.6035029177426932,0.4757940178846747
2022-05-25,factor_momentum,0.6003083333587071,0.4831945729263028
2022-05-26,factor_momentum,0.6204081443775474,0.4220296650068451
2022-05-27,factor_momentum,0.5507908329669935,0.5026350461133069
2022-05-30,factor_momentum,0.5522361681539285,0.4638297872340425
2022-05-31,factor_momentum,0.4442706354694912,0.27190872648781994
2022-06-01,factor_momentum,0.4669706777489714,0.3563983965464076
2022-06-02,factor_momentum,0.4414651451944338,0.18137526981190252
2022-06-06,factor_momentum,0.2796066257793728,0.02053717352729496
2022-06-07,factor_momentum,0.3416445243123061,0.10268270120259018
2022-06-08,factor_momentum,0.34827019101656187,0.08775824853530681
2022-06-09,factor_momentum,0.3269563684644975,0.1886524822695035
2022-06-10,factor_momentum,0.23931168056349006,0.07789084181313598
2022-06-13,factor_momentum,0.09080756332283643,-0.034536988514369905
2022-06-14,factor_momentum,-0.015040487199142472,-0.11378353376503236
2022-06-15,factor_momentum,0.06055797806323736,-0.03077397471477027
2022-06-16,factor_momentum,0.2540880755967324,0.295713845205057
2022-06-17,factor_momentum,0.2267748217080583,0.25007708911501697
2022-06-20,factor_momentum,0.15650172911800012,0.2435399321615788
2022-06-21,factor_momentum,0.10254757612852672,0.3134231707679069
2022-06-22,factor_momentum,0.12035928494865271,0.4239901325932778
2022-06-23,factor_momentum,0.0269928845646204,0.3343303834578558
2022-06-24,factor_momentum,0.06665405494966196,0.2992475644028655
2022-06-27,factor_momentum,-0.08098935306232563,-0.022449042534340435
2022-06-28,factor_momentum,-0.10982949726830224,-0.09898547600993518
2022-06-29,factor_momentum,0.07027738692774237,0.049646920989406734
2022-06-30,factor_momentum,0.06869508575356593,-0.07400783253079266
2022-07-01,factor_momentum,0.19537828736571822,-0.0701840945167017
2022-07-04,factor_momentum,0.2673749832677866,-0.11224521267170218
2022-07-05,factor_momentum,0.4658775063107527,0.03755781683626271
2022-07-06,factor_momentum,0.3806116227627626,0.15177304964539004
2022-07-07,factor_momentum,0.2660008422844533,0.2156711586334849
2022-07-08,factor_momentum,0.323512688479245,0.12747849153429033
2022-07-11,factor_momentum,0.27112313166583313,0.11723712611779216
2022-07-12,factor_momentum,-0.0016619962966112276,-0.05815602836879432
2022-07-13,factor_momentum,0.08133482710481985,-0.05346901017576317
2022-07-14,factor_momentum,-0.031822402944169235,-0.0696268886833179
2022-07-15,factor_momentum,-0.24264584754247603,-0.380450200431699
2022-07-18,factor_momentum,-0.06437280917571438,-0.07160037002775207
2022-07-19,factor_momentum,0.12515689399804597,0.03225408572309589
2022-07-20,factor_momentum,-0.16337201261201795,-0.1431390687634906
2022-07-21,factor_momentum,-0.2905719266023865,-0.28301828623650627
2022-07-22,factor_momentum,-0.35722071517404447,-0.3562750539623805
2022-07-25,factor_momentum,-0.14915768558551182,-0.1777983348751156
2022-07-26,factor_momentum,-0.1664236053246258,-0.27092198581560284
2022-07-27,factor_momentum,-0.23912574692172917,-0.1721245760098674
2022-07-28,factor_momentum,-0.22553881911358564,-0.1986432315757015
2022-07-29,factor_momentum,-0.35121107860122713,-0.15942028985507248
2022-08-01,factor_momentum,-0.34357592624014566,-0.1523056653491436
2022-08-02,factor_momentum,-0.38730985207314594,-0.27826086956521734
2022-08-03,factor_momentum,-0.45736052633547686,-0.358498023715415
2022-08-04,factor_momentum,-0.30750426129909963,-0.36745718050065873
2022-08-05,factor_momentum,-0.34914177560035164,-0.3801054018445322
2022-08-08,factor_momentum,-0.39558747862371146,-0.4164690382081686
2022-08-09,factor_momentum,-0.3983761118295287,-0.4288537549407115
2022-08-10,factor_momentum,-0.3268196769288314,-0.37944664031620545
2022-08-11,factor_momentum,-0.27821407578130297,-0.16060606060606059
2022-08-12,factor_momentum,-0.1969188008466834,-0.1482213438735178
2022-08-15,factor_momentum,-0.24827419164231707,-0.21923583662714094
2022-08-16,factor_momentum,-0.25422062326004563,-0.24532279314888011
2022-08-17,factor_momentum,-0.22834348093029821,-0.19222941720629044
2022-08-18,factor_momentum,-0.13427396026198393,-0.14950043201000535
2022-08-19,factor_momentum,0.15161870473048902,-0.00931236509404872
2022-08-22,factor_momentum,0.02681386400701441,-0.12895467160037002
2022-08-23,factor_momentum,-0.24322386228985882,-0.26672833795868023
2022-08-24,factor_momentum,-0.22269447999482056,-0.19296947271045328
2022-08-25,factor_momentum,-0.07438390063841005,-0.040764724020968236
2022-08-26,factor_momentum,0.025201547219081688,-0.08763490595127968
2022-08-29,factor_momentum,0.04705338621657071,-0.03225408572309589
2022-08-30,factor_momentum,0.06555399794772146,-0.08418131359851988
2022-08-31,factor_momentum,0.118051073466457,0.06247301880974406
2022-09-01,factor_momentum,0.18557859592703452,0.03928461301264261
2022-09-02,factor_momentum,0.30226322129784067,0.1375886524822695
2022-09-05,factor_momentum,0.23949934992029565,0.07332716620413197
2022-09-06,factor_momentum,0.14420964705485315,0.021646623496762257
2022-09-07,factor_momentum,0.004458702487170677,-0.09010175763182238
2022-09-08,factor_momentum,-0.21722229053073464,-0.24983040394696268
2022-09-09,factor_momentum,-0.35804005287707136,-0.35380820228183785
2022-09-13,factor_momentum,-0.2817801246433819,-0.2589577551649707
2022-09-14,factor_momentum,-0.37256851613846165,-0.37193956213382673
2022-09-15,factor_momentum,-0.4855278768805936,-0.48085106382978726
2022-09-16,factor_momentum,-0.4212600187621617,-0.4275670675300647
2022-09-19,factor_momentum,-0.5141666383857664,-0.5220474868948505
2022-09-20,factor_momentum,-0.44285226719051196,-0.39697810669133515
2022-09-21,factor_momentum,-0.3875024596747763,-0.3681159420289855
2022-09-22,factor_momentum,-0.38144341347493993,-0.3563983965464076
2022-09-23,factor_momentum,-0.25606777128016533,-0.15423990132593277
2022-09-26,factor_momentum,-0.41086858692173656,-0.2742522355843355
2022-09-27,factor_momentum,-0.4290064793829249,-0.3265494912118409
2022-09-28,factor_momentum,-0.47772882840944514,-0.3592352759790318
2022-09-29,factor_momentum,-0.4785634988866234,-0.36256552574776435
2022-09-30,factor_momentum,-0.48290160521391934,-0.3017576318223867
2022-10-10,factor_momentum,-0.5732021880944246,-0.49269195189639214
2022-10-11,factor_momentum,-0.5022981372539659,-0.4318840579710145
2022-10-12,factor_momentum,-0.3718555192435487,-0.3161887141535615
2022-10-13,factor_momentum,-0.3048570490365329,-0.29201356768424297
2022-10-14,factor_momentum,-0.32755573863832343,-0.39784150477952507
2022-10-17,factor_momentum,-0.19839717798021997,-0.19876657415972862
2022-10-18,factor_momentum,-0.2395912684974927,-0.22898550724637684
2022-10-19,factor_momentum,-0.18959610546451772,-0.19062596361393772
2022-10-20,factor_momentum,-0.253450460177694,-0.2520505704594511
2022-10-21,factor_momentum,-0.13582628905282512,-0.07690410114091889
2022-10-24,factor_momentum,-0.15464333137586214,-0.09256860931236507
2022-10-25,factor_momentum,-0.21751776951759166,-0.2065371569534382
2022-10-26,factor_momentum,-0.4067659870705808,-0.30558125192722785
2022-10-27,factor_momentum,-0.41864090329493836,-0.3705827937095282
2022-10-28,factor_momentum,-0.4841456083617114,-0.4975023126734505
2022-10-31,factor_momentum,-0.4409589970720246,-0.5209374036386062
2022-11-01,factor_momentum,-0.4509510377768432,-0.4692568609312365
2022-11-02,factor_momentum,-0.41347403054048804,-0.44508171446191797
2022-11-03,factor_momentum,-0.4108850908984581,-0.44693185322232504
2022-11-04,factor_momentum,-0.36442677794085454,-0.3987049028677151
2022-11-07,factor_momentum,-0.26948595186744473,-0.25501079247610237
2022-11-08,factor_momentum,-0.23953725143083546,-0.2794326241134752
2022-11-09,factor_momentum,-0.23500054332250353,-0.30508788159111927
2022-11-10,factor_momentum,-0.17965408944309388,-0.25032377428307123
2022-11-11,factor_momentum,-0.18719538693844961,-0.20098674067221708
2022-11-14,factor_momentum,-0.014866419270395136,-0.00567393382736077
2022-11-15,factor_momentum,-0.05150915801367576,-0.031514030218933085
2022-11-16,factor_momentum,0.018485772486936586,0.08504471168670984
2022-11-17,factor_momentum,-0.07900779425165168,0.02497687326549491
2022-11-18,factor_momentum,0.012020474212137942,0.2083872957138452
2022-11-21,factor_momentum,0.052227451580737244,0.2424373247321216
2022-11-22,factor_momentum,0.061357121325907725,0.1860622880049337
2022-11-23,factor_momentum,0.1550160344339908,0.24835029293863706
2022-11-24,factor_momentum,0.2521578003025544,0.2686484320867773
2022-11-25,factor_momentum,0.1358718578971293,0.19210607462226334
2022-11-28,factor_momentum,0.1360675725849408,0.1333950046253469
2022-11-29,factor_momentum,-0.07710440463491486,0.07912426765340734
2022-11-30,factor_momentum,-0.12025104489862816,0.04853530681467777
2022-12-01,factor_momentum,-0.017820004656102395,0.19592969472710453
2022-12-02,factor_momentum,-0.019233733781779394,0.3218624730188097
2022-12-05,factor_momentum,-0.05901496817895027,0.08893280632411066
2022-12-06,factor_momentum,0.11555437244935232,0.3914361001317523
2022-12-07,factor_momentum,0.2823362116738168,0.41567852437417646
2022-12-08,factor_momentum,0.1516956536467221,0.3245059288537549
2022-12-09,factor_momentum,0.05646814306603988,0.13689064558629774
2022-12-12,factor_momentum,0.1312769244981556,0.1689277283546383
2022-12-13,factor_momentum,0.1749256147633888,0.19323467230443972
2022-12-14,factor_momentum,0.024713006906230572,0.10415785764622974
2022-12-15,factor_momentum,0.13292407505252346,0.18097251585623678
2022-12-16,factor_momentum,0.028468663617475923,0.0821705426356589
2022-12-19,factor_momentum,-0.008729195443728993,0.04341381470782987
2022-12-20,factor_momentum,0.08253601346242445,0.16179183135704875
2022-12-21,factor_momentum,0.028054539425063876,0.15046113306982872
2022-12-22,factor_momentum,-0.0023265442629320787,0.061266840179486776
2022-12-23,factor_momentum,0.03978519468160398,-0.02542819499341238
2022-12-26,factor_momentum,0.024211633806763173,0.07443724946037619
2022-12-27,factor_momentum,0.028278481878932026,-0.030157261794634595
2022-12-28,factor_momentum,-0.05765420560914894,-0.034597594819611464
2022-12-29,factor_momentum,-0.11870623024061047,-0.09121184088806661
2022-12-30,factor_momentum,-0.20158606832482523,-0.20727721245760097
2023-01-03,factor_momentum,-0.15993884600062824,-0.09182855380820228
2023-01-04,factor_momentum,-0.21646552310696082,-0.24219063195701895
2023-01-05,factor_momentum,-0.38178006551841626,-0.32445266728337957
2023-01-06,factor_momentum,-0.21571912094729861,-0.1847055195806352
2023-01-09,factor_momentum,-0.16027615399559741,-0.13647856922602528
2023-01-10,factor_momentum,-0.2666204555507946,-0.3006475485661425
2023-01-11,factor_momentum,-0.11666392058897829,-0.0891150169596053
2023-01-12,factor_momentum,-0.17066942594031376,-0.1352451433857539
2023-01-13,factor_momentum,-0.3223408650215663,-0.350354609929078
2023-01-16,factor_momentum,-0.21699176854449356,-0.15905026210299103
2023-01-17,factor_momentum,-0.25233613723987125,-0.28288621646623496
2023-01-18,factor_momentum,-0.26578718116592326,-0.2921369102682701
2023-01-19,factor_momentum,-0.33855018583744884,-0.4066730397567056
2023-01-20,factor_momentum,-0.15216188899400707,-0.18001850138760406
2023-01-30,factor_momentum,0.012426661529916533,0.0284304656182547
2023-01-31,factor_momentum,0.05521191063051133,-0.002281837804502004
2023-02-01,factor_momentum,0.08623778504180396,0.023496762257169287
2023-02-02,factor_momentum,0.0649703180423775,0.02226333641689793
2023-02-03,factor_momentum,0.134700359009721,0.1431390687634906
2023-02-06,factor_momentum,0.08196711844906618,0.07468393462843045
2023-02-07,factor_momentum,-0.033151068663348465,0.0975023126734505
2023-02-08,factor_momentum,-0.09044865634836291,-0.027073697193956213
2023-02-09,factor_momentum,-0.07079296368820576,0.005735430157261794
2023-02-10,factor_momentum,-0.07000126858293929,-0.0035152636447733578
2023-02-13,factor_momentum,0.00871414783353587,0.0024051803885291397
2023-02-14,factor_momentum,0.08762132597025296,0.10558450774393086
2023-02-15,factor_momentum,0.04914025188785731,0.03324082639531298
2023-02-16,factor_momentum,0.06792178779711017,0.08122109158186865
2023-02-17,factor_momentum,0.02176850196382587,0.04631514030218933
2023-02-20,factor_momentum,0.1067473678290016,0.08652749086725174
2023-02-21,factor_momentum,-0.0023871657688499734,-0.04224483502929386
2023-02-22,factor_momentum,0.056187320933399426,0.07209374036386063
2023-02-23,factor_momentum,-0.01967050730079102,-0.035955471971210094
2023-02-24,factor_momentum,0.0011052546127888717,0.03324185144508103
2023-02-27,factor_momentum,0.15634647778940824,0.14548257786000615
2023-02-28,factor_momentum,0.2924337603119266,0.3097748997841504
2023-03-01,factor_momentum,0.31443939537480614,0.32013567684242983
2023-03-02,factor_momentum,0.09457320405930202,0.1856922602528523
2023-03-03,factor_momentum,0.04147883907825911,0.087018193031144
2023-03-06,factor_momentum,0.20370843930556948,0.14832403103046363
2023-03-07,factor_momentum,0.1458445808442304,0.1567067530064755
2023-03-08,factor_momentum,0.20862026701809971,0.20086339808818993
2023-03-09,factor_momentum,0.3176522659983215,0.22886216466234968
2023-03-10,factor_momentum,0.2687601724096028,0.283872957138452
2023-03-13,factor_momentum,0.19758724737999625,0.2362627197039778
2023-03-14,factor_momentum,0.343800512309012,0.2862252923128406
2023-03-15,factor_momentum,0.2693387875911541,0.25488744989207524
2023-03-16,factor_momentum,0.19062836615185602,0.2511871723712612
2023-03-17,factor_momentum,0.18593416429446635,0.20259019426456984
2023-03-20,factor_momentum,0.2321450325675249,0.16479077376856496
2023-03-21,factor_momentum,0.36428243677626815,0.3401171754548258
2023-03-22,factor_momentum,0.4079472019675925,0.343026303780224
2023-03-23,factor_momentum,0.10120838290207151,0.09300317621369611
2023-03-24,factor_momentum,0.14578953915150733,0.04532979742511051
2023-03-27,factor_momentum,0.17228205708129266,0.09515880357693493
2023-03-28,factor_momentum,0.0029515990968895303,-0.04144438621724388
2023-03-29,factor_momentum,-0.17081466893141634,-0.25452527071215103
2023-03-30,factor_momentum,-0.14128999351385083,-0.18273203823620104
2023-03-31,factor_momentum,-0.14162453816591825,-0.18408880666049954
2023-04-03,factor_momentum,-0.20747212833562295,-0.21049061035632943
2023-04-04,factor_momentum,-0.3021551970819225,-0.30693802035152634
2023-04-06,factor_momentum,-0.3334961663087269,-0.3728029602220167
2023-04-07,factor_momentum,-0.37383070767520943,-0.3250693802035153
2023-04-10,factor_momentum,-0.32806501108343034,-0.3869873573851372
2023-04-11,factor_momentum,-0.27879186336608897,-0.2806660499537465
2023-04-12,factor_momentum,-0.40610098962228103,-0.33172987974098056
2023-04-13,factor_momentum,-0.30067789445084736,-0.24748689485044711
2023-04-14,factor_momentum,-0.3402371539386197,-0.2802960222016651
2023-04-17,factor_momentum,-0.23915286938221003,-0.18433549182855383
2023-04-18,factor_momentum,-0.06269185113537626,0.0008017267961763798
2023-04-19,factor_momentum,-0.14533679622609705,-0.2020968239284613
2023-04-20,factor_momentum,-0.23383164228968983,-0.24168979340117175
2023-04-21,factor_momentum,-0.10317651486985771,-0.20098674067221708
2023-04-24,factor_momentum,-0.0638282796083995,-0.17224791859389452
2023-04-25,factor_momentum,-0.15673573697605864,-0.27092198581560284
2023-04-26,factor_momentum,0.031307288737515974,-0.07968176635815342
2023-04-27,factor_momentum,-0.06959693740585673,-0.114095408484972
2023-04-28,factor_momentum,0.18184943557624184,0.14782608695652172
2023-05-04,factor_momentum,0.13252889275185117,0.07320382362010484
2023-05-05,factor_momentum,-0.07857245895746623,-0.09935245143385754
2023-05-08,factor_momentum,-0.19422961444025505,-0.2826395312981807
2023-05-09,factor_momentum,-0.3082705598443917,-0.3821769966080789
2023-05-10,factor_momentum,-0.33077589475648383,-0.2839962997224792
2023-05-11,factor_momentum,-0.22087445642731202,-0.23280912735121798
2023-05-12,factor_momentum,-0.30235434874736133,-0.26993524514338574
2023-05-15,factor_momentum,-0.3142187230343966,-0.33209990749306195
2023-05-16,factor_momentum,-0.15118955629559266,-0.25081714461917975
2023-05-17,factor_momentum,-0.17675413787335403,-0.22787542399013258
2023-05-18,factor_momentum,-0.07262710037329659,-0.13499845821769965
2023-05-19,factor_momentum,-0.10042501888314455,-0.13882207832254087
2023-05-22,factor_momentum,-0.3023782830382198,-0.25254394079555964
2023-05-23,factor_momentum,-0.4425211056473994,-0.2957229641542923
2023-05-24,factor_momentum,-0.4365210715422062,-0.24909034844279987
2023-05-25,factor_momentum,-0.5137811590609553,-0.2939870490286771
2023-05-26,factor_momentum,-0.5094501400068594,-0.4751302848476888
2023-05-29,factor_momentum,-0.5350908979993664,-0.33691026827012027
2023-05-30,factor_momentum,-0.43485178101023986,-0.3238359543632439
2023-05-31,factor_momentum,-0.4522027269101839,-0.32876965772432926
2023-06-01,factor_momentum,-0.4356431352182252,-0.2568609312365094
2023-06-02,factor_momentum,-0.21415243535130435,0.028183780450200435
2023-06-05,factor_momentum,-0.2098731307665089,0.01572617946345976
2023-06-06,factor_momentum,0.09677812187805986,0.2545174221399938
2023-06-07,factor_momentum,0.22015915856012666,0.061727988438902266
2023-06-08,factor_momentum,0.14597605893420235,-0.00856418196057342
2023-06-09,factor_momentum,0.24718298274422312,0.32267202494529706
2023-06-12,factor_momentum,0.027480456155527966,0.09986824769433464
2023-06-13,factor_momentum,-0.13000394801299708,0.07707509881422923
2023-06-14,factor_momentum,-0.13511738829771447,0.022793899679680027
2023-06-15,factor_momentum,-0.0652610312101676,-0.006324110671936758
2023-06-16,factor_momentum,-0.23080537716135754,-0.07496706192358364
2023-06-19,factor_momentum,-0.3146865422632691,0.0170624855983732
2023-06-20,factor_momentum,-0.5788763046507968,-0.06607813440784176
2023-06-21,factor_momentum,-0.6332029641858833,-0.15917851313497983
2023-06-26,factor_momentum,-0.545850242933249,-0.23786617329633053
2023-06-27,factor_momentum,-0.5294609054660735,-0.22479879131228267
2023-06-28,factor_momentum,-0.574492808066071,-0.3798334875115633
2023-06-29,factor_momentum,-0.5962183116752364,-0.5396854764107307
2023-06-30,factor_momentum,-0.5514899847574362,-0.534381745297564
2023-07-03,factor_momentum,-0.32086451202878397,-0.40289855072463765
2023-07-04,factor_momentum,-0.25795914819802357,-0.44680851063829785
2023-07-05,factor_momentum,0.1775747995903525,-0.21948812827628736
2023-07-06,factor_momentum,0.19030294183811702,-0.3946345975948196
2023-07-07,factor_momentum,0.2515690296131996,-0.3400043172852166
2023-07-10,factor_momentum,0.23345046692612875,-0.36504363395813477
2023-07-11,factor_momentum,0.07519670295248458,-0.3751464693185322
2023-07-12,factor_momentum,0.13914129090039487,-0.4954054887449892
2023-07-13,factor_momentum,0.15754009581508216,-0.4315140302189331
2023-07-14,factor_momentum,0.22557338778612135,-0.45459311132039393
2023-07-17,factor_momentum,0.20452851921165455,-0.3493678692568609
2023-07-18,factor_momentum,0.2475692543487697,-0.34727104532839964
2023-07-19,factor_momentum,0.32656358253228907,-0.271978784550663
2023-07-20,factor_momentum,0.3791940686227432,-0.07986432315757014
2023-07-21,factor_momentum,0.3217982263382648,0.025963613937711995
2023-07-24,factor_momentum,0.2048613757755156,-0.0056120875732346585
2023-07-25,factor_momentum,0.16437187355938157,-0.00795559666975023
2023-07-26,factor_momentum,-0.07413405138463672,-0.038914585260561206
2023-07-27,factor_momentum,-0.13827491332994774,0.15522664199814987
2023-07-28,factor_momentum,-0.18090059786592141,0.07320382362010484
2023-07-31,factor_momentum,-0.17716287868947087,0.17755164970706136
2023-08-01,factor_momentum,-0.06204392970906696,0.09219858156028368
2023-08-02,factor_momentum,-0.08658534055306423,-0.03842121492445267
2023-08-03,factor_momentum,-0.224102818663755,-0.15140302189330865
2023-08-04,factor_momentum,-0.09213350253575157,-0.03496762257169288
2023-08-07,factor_momentum,-0.1137698446249601,-0.10243601603453592
2023-08-08,factor_momentum,-0.06620552479406794,-0.06481652790625964
2023-08-09,factor_momentum,0.03678474874054096,-0.0031452358926919517
2023-08-10,factor_momentum,0.0734813564589528,-0.0008017267961763798
2023-08-11,factor_momentum,-0.16104367521654883,-0.21171754548257787
2023-08-14,factor_momentum,-0.024580891404085314,-0.12180080172679618
2023-08-15,factor_momentum,-0.18125047963851826,-0.26426148627813756
2023-08-16,factor_momentum,-0.2627670668953399,-0.2568609312365094
2023-08-17,factor_momentum,-0.265892029343274,-0.2795559666975023
2023-08-18,factor_momentum,-0.23581537273332437,-0.24600678384212146
2023-08-21,factor_momentum,-0.18685764285455744,-0.21542446585838226
2023-08-22,factor_momentum,-0.1969498891045143,-0.21825470243601602
2023-08-23,factor_momentum,-0.24798657174074365,-0.2638914585260561
2023-08-24,factor_momentum,-0.22812417206232613,-0.2152944804193648
2023-08-25,factor_momentum,-0.3521175818223143,-0.3607153869873574
2023-08-28,factor_momentum,-0.15576262612522332,-0.24390995991366018
2023-08-29,factor_momentum,-0.11253381718381614,-0.16386062288004932
2023-08-30,factor_momentum,-0.12574307868527515,-0.15732346592661114
2023-08-31,factor_momentum,-0.1203666005049882,-0.21061395674388073
2023-09-01,factor_momentum,-0.07093938905131109,-0.07086031452358928
2023-09-04,factor_momentum,-0.14524003773114305,-0.0923219241443108
2023-09-05,factor_momentum,-0.1346949738069556,-0.1097132284921369
2023-09-06,factor_momentum,-0.26875255134810744,-0.22553191489361699
2023-09-07,factor_momentum,-0.3354822734288666,-0.2841196423065063
2023-09-08,factor_momentum,-0.13087515779712217,-0.15843354918285538
2023-09-11,factor_momentum,-0.0671850479126275,-0.038914585260561206
2023-09-12,factor_momentum,0.029304274807077903,-0.012395929694727102
2023-09-13,factor_momentum,-0.004363311499159583,-0.05396238051187172
2023-09-14,factor_momentum,-0.10928392574953198,-0.09145852605612088
2023-09-15,factor_momentum,-0.035310807217487306,-0.025716928769657723
2023-09-18,factor_momentum,0.04801743202861708,-0.03533874003345349
2023-09-19,factor_momentum,0.1642076392697953,0.03694110391612704
2023-09-20,factor_momentum,0.0797943575059577,-0.015849522047486894
2023-09-21,factor_momentum,-0.016709410522433826,-0.04865864939870491
2023-09-22,factor_momentum,0.012514985052323561,-0.0688868331791551
2023-09-25,factor_momentum,0.21417868917684801,0.17545482577860003
2023-09-26,factor_momentum,0.18501793404798003,0.15423990132593277
2023-09-27,factor_momentum,0.3098454049221252,0.2488436632747456
2023-09-28,factor_momentum,0.439629980827677,0.30108853201277475
2023-10-09,factor_momentum,0.33108540434908756,0.2918902251002158
2023-10-10,factor_momentum,0.3562835105291636,0.44083998910842165
2023-10-11,factor_momentum,0.22256663474832,0.2999074930619796
2023-10-12,factor_momentum,0.2897330236067343,0.3323465926611162
2023-10-13,factor_momentum,0.3055506429895342,0.3144619179771816
2023-10-16,factor_momentum,0.2538454572280043,0.22232500770891148
2023-10-17,factor_momentum,0.222312525098391,0.24600678384212146
2023-10-18,factor_momentum,0.16862263122655105,0.16435399321615787
2023-10-19,factor_momentum,0.2852717963021285,0.25599753314831947
2023-10-20,factor_momentum,0.46587568562339454,0.3957446808510638
2023-10-23,factor_momentum,0.4132747806993945,0.34714770274437246
2023-10-24,factor_momentum,0.23393677288321735,0.09207523897625655
2023-10-25,factor_momentum,0.3226814985204218,0.2907801418439716
2023-10-26,factor_momentum,0.19319500814589596,0.27055195806352145
2023-10-27,factor_momentum,0.07262228455255622,0.20271353684859697
2023-10-30,factor_momentum,0.3251347701729423,0.15917360468701816
2023-10-31,factor_momentum,0.4236950643064865,0.18063521430773974
2023-11-01,factor_momentum,0.3746737992422578,0.12439099599136601
2023-11-02,factor_momentum,0.39077905113737205,0.20333024976873262
2023-11-03,factor_momentum,0.24745624121986107,0.15388885579370817
2023-11-06,factor_momentum,0.3493748755825599,0.2737588652482269
2023-11-07,factor_momentum,0.4518592625093512,0.40679638614425695
2023-11-08,factor_momentum,0.49026113055043574,0.4490286771507863
2023-11-09,factor_momentum,0.40469161591307323,0.35708779196107454
2023-11-10,factor_momentum,0.28715122620035194,0.21800801726796176
2023-11-13,factor_momentum,0.3299337478884234,0.2495837187789084
2023-11-14,factor_momentum,0.31656655371202996,0.24415664508171442
2023-11-15,factor_momentum,0.32337828274577796,0.2835029293863707
2023-11-16,factor_momentum,0.19543614515574606,0.19518963922294172
2023-11-17,factor_momentum,-0.009946662276153442,0.023990132593277824
2023-11-20,factor_momentum,0.07920101378751795,0.10181930311440024
2023-11-21,factor_momentum,0.2299542757535406,0.1483194572926303
2023-11-22,factor_momentum,0.25928280925663877,0.1902559358618563
2023-11-23,factor_momentum,0.4201705109468316,0.16225716928769657
2023-11-24,factor_momentum,0.19946291734062374,0.058649398704902864
2023-11-27,factor_momentum,0.07905560658770777,0.016589577551649706
2023-11-28,factor_momentum,-0.18096445949798404,-0.014122725871107
2023-11-29,factor_momentum,-0.016783688696623625,0.1692876965772433
2023-11-30,factor_momentum,-0.14033573267392965,0.04816676433879089
2023-12-01,factor_momentum,-0.1688225285559264,-0.11108369911201141
2023-12-04,factor_momentum,,
2023-12-05,factor_momentum,,
2023-12-06,factor_momentum,,
2023-12-07,factor_momentum,,
2023-12-08,factor_momentum,,
2023-12-11,factor_momentum,,
2023-12-12,factor_momentum,,
2023-12-13,factor_momentum,,
2023-12-14,factor_momentum,,
2023-12-15,factor_momentum,,
2023-12-18,factor_momentum,,
2023-12-19,factor_momentum,,
2023-12-20,factor_momentum,,
2023-12-21,factor_momentum,,
2023-12-22,factor_momentum,,
2023-12-25,factor_momentum,,
2023-12-26,factor_momentum,,
2023-12-27,factor_momentum,,
2023-12-28,factor_momentum,,
2023-12-29,factor_momentum,,
