trade_date,portfolio_value,backtrader_nav,backtrader_ret
2020-01-02,1000000.0,1.0,0.0
2020-01-03,999051.7112300002,0.9990517112300003,-0.00094828876999975
2020-01-06,988981.8712300002,0.9889818712300001,-0.010079398180102617
2020-01-07,995278.5912300005,0.9952785912300005,0.00636687100459099
2020-01-08,986144.6912300005,0.9861446912300005,-0.009177229451617142
2020-01-09,1000866.4012300001,1.0008664012300001,0.014928549665097934
2020-01-10,1003870.8912300003,1.0038708912300003,0.0030018891595400277
2020-01-13,1011463.4112300003,1.0114634112300003,0.0075632435070382975
2020-01-14,1003133.8112300003,1.0031338112300003,-0.00823519655532634
2020-01-15,999046.1212300002,0.9990461212300001,-0.004074919970036728
2020-01-16,996672.0412300002,0.9966720412300002,-0.0023763467467118327
2020-01-17,998357.3212300002,0.9983573212300002,0.0016909072696773553
2020-01-20,1002967.4812300004,1.0029674812300005,0.004617745472453194
2020-01-21,980309.9212300002,0.9803099212300002,-0.022590523046882804
2020-01-22,985071.1112300004,0.9850711112300004,0.004856821191839389
2020-01-23,949254.8912300004,0.9492548912300004,-0.03635901976181022
2020-02-03,863177.6012300004,0.8631776012300004,-0.09067879533226841
2020-02-04,881171.9012300003,0.8811719012300003,0.02084657893619868
2020-02-05,888410.2612300003,0.8884102612300003,0.00821446983261298
2020-02-06,903157.9912300003,0.9031579912300003,0.016600134694056523
2020-02-07,899451.2112300004,0.8994512112300004,-0.004104243151247244
2020-02-10,908656.1264200001,0.9086561264200002,0.010233923836082237
2020-02-11,919930.4164200001,0.9199304164200002,0.012407653095807936
2020-02-12,923367.4264200001,0.9233674264200001,0.0037361630169545634
2020-02-13,915253.3364200001,0.9152533364200001,-0.008787498635791535
2020-02-14,932323.1864200002,0.9323231864200001,0.018650410023926867
2020-02-17,953353.2564199999,0.9533532564199999,0.022556630904732256
2020-02-18,943610.5664200002,0.9436105664200002,-0.010219391326762861
2020-02-19,944631.8464200001,0.9446318464200001,0.001082310898525174
2020-02-20,964982.81642,0.9649828164200001,0.02154381103826508
2020-02-21,960216.98642,0.96021698642,-0.004938771881639159
2020-02-24,952597.9864200002,0.9525979864200002,-0.007934664880701492
2020-02-25,949135.4264199999,0.9491354264199999,-0.003634859667311474
2020-02-26,952941.14642,0.95294114642,0.004009670163039658
2020-02-27,953064.4664200001,0.9530644664200001,0.00012940988062415393
2020-02-28,923720.96642,0.9237209664199999,-0.030788578353176166
2020-03-02,957292.95642,0.9572929564199999,0.03634429792160354
2020-03-03,964115.61642,0.96411561642,0.0071270345762439735
2020-03-04,977806.5164200001,0.9778065164200002,0.014200475302783566
2020-03-05,997235.8864200001,0.9972358864200002,0.01987036256532204
2020-03-06,975950.47642,0.97595047642,-0.021344408369030066
2020-03-09,944418.10112,0.94441810112,-0.032309401001234805
2020-03-10,959643.9311200001,0.9596439311200001,0.01612191674634733
2020-03-11,949478.2111200001,0.9494782111200001,-0.01059322074609026
2020-03-12,934452.0711200002,0.9344520711200002,-0.01582568175237553
2020-03-13,921372.8511200002,0.9213728511200002,-0.013996672921195108
2020-03-16,894965.1111200002,0.8949651111200002,-0.028661295986634916
2020-03-17,889639.1811200001,0.8896391811200001,-0.00595099175803071
2020-03-18,872304.4411200001,0.87230444112,-0.019485135510979523
2020-03-19,859371.9611200001,0.8593719611200001,-0.014825649613104286
2020-03-20,874093.4311200001,0.87409343112,0.01713049839421532
2020-03-23,851848.1711200003,0.8518481711200003,-0.02544952199388595
2020-03-24,870410.6911200003,0.8704106911200004,0.02179087850314243
2020-03-25,888123.62112,0.88812362112,0.020350083220149306
2020-03-26,884510.5411200004,0.8845105411200004,-0.004068217435139521
2020-03-27,888552.8111200002,0.8885528111200002,0.004570064246923966
2020-03-30,878317.3311200002,0.8783173311200002,-0.01151927029199129
2020-03-31,882327.4411200003,0.8823274411200003,0.004565673314093077
2020-04-01,880795.3911200003,0.8807953911200003,-0.0017363735146390669
2020-04-02,887439.8211200002,0.8874398211200002,0.007543670263250313
2020-04-03,882985.4611200001,0.8829854611200001,-0.005019337530265955
2020-04-07,896120.3172300003,0.8961203172300003,0.01487550666274795
2020-04-08,893524.81723,0.89352481723,-0.002896374460098494
2020-04-09,894098.2372300002,0.8940982372300001,0.0006417505019924441
2020-04-10,893646.74723,0.8936467472299999,-0.0005049668830563458
2020-04-13,895117.7572300001,0.8951177572300001,0.0016460754817939627
2020-04-14,904312.1872300003,0.9043121872300003,0.010271754666618449
2020-04-15,894803.4672300001,0.89480346723,-0.010514864373470822
2020-04-16,891101.4972300001,0.8911014972300001,-0.004137187813386456
2020-04-17,896189.7172300001,0.8961897172300001,0.005710034172108136
2020-04-20,897818.8372300002,0.8978188372300002,0.0018178293821933256
2020-04-21,886829.1472300002,0.8868291472300003,-0.012240431526148288
2020-04-22,892749.6672300003,0.8927496672300003,0.0066760548167510425
2020-04-23,892241.65723,0.89224165723,-0.0005690396968462963
2020-04-24,885929.7972300001,0.8859297972300001,-0.007074159728873597
2020-04-27,884234.8572300001,0.8842348572300001,-0.0019131764224429304
2020-04-28,887421.3372300003,0.8874213372300003,0.003603657980621122
2020-04-29,887853.05723,0.8878530572300001,0.00048648818986851694
2020-04-30,895221.2772300002,0.8952212772300002,0.008298918317618975
2020-05-06,899670.3172300002,0.8996703172300001,0.0049697657028060505
2020-05-07,900501.94723,0.9005019472300001,0.000924371943892055
2020-05-08,913284.6749900002,0.9132846749900002,0.014195113957632843
2020-05-11,916740.9649900001,0.9167409649900001,0.003784460743346818
2020-05-12,910497.3849900002,0.9104973849900002,-0.006810626162067512
2020-05-13,911107.2249900002,0.9111072249900003,0.0006697877556307574
2020-05-14,902088.4349900002,0.9020884349900002,-0.009898714171758471
2020-05-15,898358.5949900005,0.8983585949900005,-0.004134672228716774
2020-05-18,902494.2749900001,0.90249427499,0.00460359596163884
2020-05-19,905852.3449900002,0.9058523449900002,0.0037208767889829186
2020-05-20,907834.71499,0.90783471499,0.002188403011775142
2020-05-21,906524.5649900002,0.9065245649900002,-0.001443159176848896
2020-05-22,888118.8149900001,0.8881188149900001,-0.020303641744339407
2020-05-25,885692.8049900002,0.8856928049900002,-0.0027316277496353125
2020-05-26,893477.6549900002,0.8934776549900002,0.008789559942386393
2020-05-27,891448.7449900002,0.8914487449900002,-0.0022708010532426215
2020-05-28,895678.5049900003,0.8956785049900002,0.004744815698907612
2020-05-29,895744.4049900003,0.8957444049900003,7.357550687325798e-05
2020-06-01,917250.0049900002,0.9172500049900002,0.024008634472285628
2020-06-02,921830.12499,0.92183012499,0.004993316952938809
2020-06-03,915031.6249900002,0.9150316249900001,-0.007375003068025854
2020-06-04,916360.0249900003,0.9163600249900002,0.0014517531019921925
2020-06-05,915272.3479800004,0.9152723479800005,-0.0011869537958202336
2020-06-08,921501.6379800001,0.9215016379800001,0.006805941437810992
2020-06-09,925609.9079800001,0.9256099079800001,0.004458234072166833
2020-06-10,919297.4079800003,0.9192974079800003,-0.006819827602943307
2020-06-11,910135.5679800003,0.9101355679800003,-0.0099661327449313
2020-06-12,909380.3179800003,0.9093803179800003,-0.0008298214316315722
2020-06-15,898718.3679800004,0.8987183679800005,-0.011724412535871864
2020-06-16,911129.0079800005,0.9111290079800005,0.013809264884498518
2020-06-17,910249.2079800002,0.9102492079800002,-0.0009656151788547396
2020-06-18,918465.9879800003,0.9184659879800003,0.00902695649495211
2020-06-19,927430.7079800003,0.9274307079800003,0.009760535629322664
2020-06-22,928946.3479800003,0.9289463479800003,0.001634235298614506
2020-06-23,933030.1979800002,0.9330301979800002,0.0043962172937976884
2020-06-24,937014.4379800002,0.9370144379800002,0.004270215485657092
2020-06-29,922954.3279800003,0.9229543279800003,-0.015005222363820181
2020-06-30,934402.9279800003,0.9344029279800002,0.012404297431549693
2020-07-01,959922.5579800002,0.9599225579800001,0.02731116227896302
2020-07-02,991259.2579800003,0.9912592579800004,0.032645029267718506
2020-07-03,1017806.6279800005,1.0178066279800004,0.026781459831304533
2020-07-06,1090996.35798,1.0909963579800002,0.07190926840912448
2020-07-07,1088092.1075400002,1.0880921075400003,-0.002662016622472674
2020-07-08,1101533.9775400003,1.1015339775400004,0.012353614098341348
2020-07-09,1118927.91754,1.11892791754,0.015790652267344996
2020-07-10,1103852.6875400003,1.1038526875400003,-0.013472923289949756
2020-07-13,1134938.3475400002,1.1349383475400001,0.028161058401076966
2020-07-14,1127206.9575400006,1.1272069575400006,-0.0068121673893190016
2020-07-15,1114190.92754,1.1141909275400002,-0.011547151934198863
2020-07-16,1075114.8775400002,1.0751148775400003,-0.0350712333354527
2020-07-17,1085899.92754,1.08589992754,0.010031532653214992
2020-07-20,1127865.0575400002,1.1278650575400002,0.03864548558822367
2020-07-21,1122333.9875400001,1.12233398754,-0.004904017517897152
2020-07-22,1128053.7075400003,1.1280537075400003,0.005096272645665145
2020-07-23,1126214.5275400002,1.1262145275400002,-0.0016304010950072279
2020-07-24,1085671.96754,1.0856719675400002,-0.035998967344665234
2020-07-27,1083718.5675400002,1.0837185675400003,-0.0017992543405408457
2020-07-28,1097458.54754,1.09745854754,0.012678549958951901
2020-07-29,1115082.7575400001,1.1150827575400002,0.01605911224574763
2020-07-30,1109316.5275400002,1.10931652754,-0.005171122915326065
2020-07-31,1107040.2675400004,1.1070402675400004,-0.0020519481531997563
2020-08-03,1132117.64754,1.13211764754,0.022652635803144916
2020-08-04,1131600.7628299997,1.1316007628299998,-0.0004565644843744776
2020-08-05,1135807.0128299997,1.1358070128299997,0.003717079502032705
2020-08-06,1133431.3428299997,1.1334313428299998,-0.002091614132651576
2020-08-07,1119070.6928299998,1.1190706928299998,-0.012670066070472052
2020-08-10,1121175.27283,1.12117527283,0.0018806497332870542
2020-08-11,1111122.5528300002,1.1111225528300002,-0.008966234132710915
2020-08-12,1100555.33283,1.10055533283,-0.009510400066208513
2020-08-13,1107842.4628299999,1.1078424628299999,0.006621320875581649
2020-08-14,1126118.6528299998,1.1261186528299998,0.016497101901395972
2020-08-17,1153336.76283,1.15333676283,0.024169842078007875
2020-08-18,1153649.5428300002,1.1536495428300002,0.0002711957253775932
2020-08-19,1146831.7028299998,1.14683170283,-0.005909801674497728
2020-08-20,1129884.2528299997,1.1298842528299997,-0.014777626009273681
2020-08-21,1140216.4728299996,1.1402164728299997,0.00914449420294261
2020-08-24,1155363.0828299997,1.1553630828299997,0.01328397752613264
2020-08-25,1154742.8128299997,1.1547428128299997,-0.0005368615366181384
2020-08-26,1143928.58283,1.1439285828299999,-0.009365055040694958
2020-08-27,1148949.62283,1.14894962283,0.004389294992156234
2020-08-28,1171401.3428299997,1.1714013428299996,0.0195410830500109
2020-08-31,1166918.1228299998,1.1669181228299998,-0.0038272279841926604
2020-09-01,1170925.4533799998,1.1709254533799998,0.0034341145891894076
2020-09-02,1170435.4433799998,1.17043544338,-0.00041848095332230884
2020-09-03,1166855.80338,1.1668558033799998,-0.003058383117365948
2020-09-04,1156576.1233800002,1.1565761233800003,-0.008809726077740443
2020-09-07,1144578.6333800002,1.1445786333800003,-0.010373281755928221
2020-09-08,1152449.0633800002,1.1524490633800002,0.00687626849782963
2020-09-09,1140813.46338,1.14081346338,-0.010096411520240434
2020-09-10,1136797.48338,1.13679748338,-0.0035202775290724686
2020-09-11,1139805.6633800003,1.1398056633800002,0.002646188124076465
2020-09-14,1145122.9133799998,1.1451229133799998,0.004665049640332208
2020-09-15,1151037.1633799998,1.1510371633799998,0.005164729419781855
2020-09-16,1150919.4533800003,1.1509194533800002,-0.00010226429149684524
2020-09-17,1153415.91338,1.15341591338,0.002169100533202517
2020-09-18,1172449.7133799999,1.1724497133799998,0.016502113226635418
2020-09-21,1163333.74338,1.1633337433800002,-0.0077751479623972
2020-09-22,1150894.4533800003,1.1508944533800003,-0.010692795657983978
2020-09-23,1146122.9233799998,1.1461229233799999,-0.004145931875844222
2020-09-24,1127202.44338,1.12720244338,-0.016508246728197284
2020-09-25,1125822.67338,1.12582267338,-0.0012240658349379485
2020-09-28,1122794.62338,1.12279462338,-0.002689633164794203
2020-09-29,1122770.6096299998,1.1227706096299999,-2.1387482180612594e-05
2020-09-30,1123503.67963,1.12350367963,0.0006529116399311974
2020-10-09,1138879.1796300001,1.1388791796300002,0.013685313434010027
2020-10-12,1169633.5096299998,1.1696335096299997,0.027004032166073166
2020-10-13,1165444.1996299997,1.1654441996299998,-0.0035817287770124606
2020-10-14,1158882.9396299997,1.1588829396299998,-0.005629836247915687
2020-10-15,1159215.0696299998,1.1592150696299999,0.00028659495160576753
2020-10-16,1156930.2696299998,1.1569302696299997,-0.0019709888698474787
2020-10-19,1152233.5896299998,1.1522335896299998,-0.004059605080176443
2020-10-20,1155085.4396300002,1.15508543963,0.002475062370743908
2020-10-21,1158635.32963,1.15863532963,0.0030732704942908473
2020-10-22,1156796.6796299997,1.1567966796299998,-0.0015869100078170773
2020-10-23,1150097.43963,1.1500974396299999,-0.0057911991951279385
2020-10-26,1145073.2496299997,1.1450732496299998,-0.004368490726852192
2020-10-27,1140067.65963,1.14006765963,-0.004371414668552731
2020-10-28,1148610.3896299999,1.14861038963,0.007493178082757401
2020-10-29,1153748.07963,1.1537480796300001,0.004472961455324498
2020-10-30,1127468.48963,1.12746848963,-0.022777580707590728
2020-11-02,1136225.2496299997,1.1362252496299998,0.007766744774280632
2020-11-03,1146740.94963,1.1467409496299998,0.009254943069980426
2020-11-04,1146884.9823299998,1.1468849823299998,0.00012560177609977075
2020-11-05,1164542.0323299996,1.1645420323299995,0.015395658912655596
2020-11-06,1171493.41233,1.17149341233,0.005969196308090563
2020-11-09,1196404.9323299997,1.1964049323299997,0.021264754660850205
2020-11-10,1190841.1723299997,1.1908411723299996,-0.004650398748494489
2020-11-11,1188925.26233,1.18892526233,-0.001608871144630486
2020-11-12,1195493.74233,1.19549374233,0.005524720693651952
2020-11-13,1191694.4823299998,1.1916944823299997,-0.0031779840123592473
2020-11-16,1216600.9323299997,1.2166009323299998,0.020900029637884066
2020-11-17,1215429.3123299999,1.21542931233,-0.0009630273731222605
2020-11-18,1218467.2523299998,1.2184672523299998,0.0024994789653181027
2020-11-19,1226337.7023300002,1.2263377023300002,0.006459303674309025
2020-11-20,1230879.6623300002,1.2308796623300002,0.0037036780255312873
2020-11-23,1243094.7723299998,1.2430947723299999,0.009923886447905872
2020-11-24,1241233.5123299998,1.2412335123299998,-0.0014972792432482729
2020-11-25,1217565.5123299998,1.2175655123299998,-0.019068128410077545
2020-11-26,1219041.94233,1.21904194233,0.001212608262182835
2020-11-27,1231982.5123299998,1.23198251233,0.010615360760488635
2020-11-30,1222527.6123300001,1.2225276123300002,-0.007674540754736836
2020-12-01,1237937.2223299998,1.2379372223299998,0.01260471325521273
2020-12-02,1240573.3657300002,1.2405733657300002,0.0021294645257041722
2020-12-03,1234768.26573,1.23476826573,-0.0046793685567997345
2020-12-04,1232362.35573,1.2323623557299999,-0.001948470872449759
2020-12-07,1220422.62573,1.22042262573,-0.009688489707986303
2020-12-08,1212316.0757300002,1.2123160757300002,-0.006642412086674265
2020-12-09,1195109.0657300001,1.19510906573,-0.014193501467543279
2020-12-10,1196775.43573,1.19677543573,0.001394324625076937
2020-12-11,1189015.45573,1.1890154557300001,-0.006484073593360895
2020-12-14,1192339.2857300001,1.1923392857300001,0.0027954472618350046
2020-12-15,1187665.37573,1.18766537573,-0.00391994967870124
2020-12-16,1184207.98573,1.18420798573,-0.002911080907679775
2020-12-17,1197756.17573,1.19775617573,0.011440718322506704
2020-12-18,1194790.84573,1.19479084573,-0.00247573760009423
2020-12-21,1195732.3257300002,1.19573232573,0.0007879872894613893
2020-12-22,1176264.4657300003,1.1762644657300003,-0.01628111875968108
2020-12-23,1174829.73573,1.1748297357300002,-0.001219734202469347
2020-12-24,1166993.27573,1.1669932757300001,-0.006670294223639739
2020-12-25,1176729.10573,1.17672910573,0.008342661609519242
2020-12-28,1181488.68573,1.18148868573,0.004044754206234513
2020-12-29,1182772.57573,1.1827725757299998,0.001086671430295283
2020-12-30,1184747.4206699997,1.1847474206699997,0.0016696742725719194
2020-12-31,1209042.17067,1.2090421706699999,0.02050626958635693
2021-01-04,1207086.9306699997,1.2070869306699996,-0.001617180977994126
2021-01-05,1221935.21067,1.2219352106699999,0.012300920192847009
2021-01-06,1223506.8206699998,1.2235068206699997,0.0012861647542983246
2021-01-07,1236754.4706699997,1.2367544706699998,0.010827606169572013
2021-01-08,1245757.3306699998,1.2457573306699998,0.007279423857770917
2021-01-11,1229860.45067,1.22986045067,-0.012760815937924441
2021-01-12,1258057.06067,1.2580570606700001,0.022926674310601136
2021-01-13,1247674.83067,1.24767483067,-0.008252590700831064
2021-01-14,1235680.2306699997,1.2356802306699997,-0.009613562528595132
2021-01-15,1235081.5706699998,1.2350815706699998,-0.0004844780916137825
2021-01-18,1257292.7406699997,1.2572927406699996,0.017983565237679633
2021-01-19,1256145.4106700004,1.2561454106700003,-0.0009125400655601856
2021-01-20,1262907.6306699996,1.2629076306699996,0.005383309880018228
2021-01-21,1269407.76067,1.26940776067,0.005146955994360436
2021-01-22,1250866.15067,1.2508661506699998,-0.01460650436721278
2021-01-25,1253604.3406699998,1.25360434067,0.002189035172575071
2021-01-26,1238530.43067,1.23853043067,-0.01202445581190592
2021-01-27,1240963.02067,1.24096302067,0.0019640938484524195
2021-01-28,1216040.0122499997,1.2160400122499997,-0.02008360281883681
2021-01-29,1209037.21225,1.2090372122500002,-0.005758692090273021
2021-02-01,1227412.2122499999,1.22741221225,0.015198043380157289
2021-02-02,1244498.1922499998,1.2444981922499998,0.01392032752279615
2021-02-03,1242173.2622499997,1.2421732622499997,-0.0018681666349363857
2021-02-04,1229005.5322499997,1.2290055322499998,-0.010600558231424695
2021-02-05,1233814.42225,1.23381442225,0.003912830230468067
2021-02-08,1241979.80225,1.24197980225,0.006617996882472221
2021-02-09,1264247.0722500002,1.26424707225,0.01792885034012648
2021-02-10,1268075.0522500002,1.2680750522500002,0.0030278733358561905
2021-02-18,1285999.68225,1.2859996822500002,0.01413530687177822
2021-02-19,1299114.9422499998,1.29911494225,0.010198493966229627
2021-02-22,1283866.6522500003,1.2838666522500002,-0.011737444858874846
2021-02-23,1272260.38225,1.27226038225,-0.009040089934308937
2021-02-24,1259631.7622500004,1.2596317622500004,-0.009926128468816908
2021-02-25,1274671.77225,1.2746717722499998,0.011940005365643103
2021-02-26,1253562.69225,1.25356269225,-0.016560404379818428
2021-03-01,1272146.8422499998,1.2721468422499997,0.014825066281003663
2021-03-02,1262587.7722500002,1.26258777225,-0.007514124692628132
2021-03-03,1287417.50225,1.2874175022499998,0.019665745658024036
2021-03-04,1266985.3165499999,1.2669853165499998,-0.015870675724301564
2021-03-05,1254235.42655,1.25423542655,-0.010063171082927647
2021-03-08,1239391.88655,1.23939188655,-0.011834731889873162
2021-03-09,1233597.56655,1.23359756655,-0.004675131459936477
2021-03-10,1224186.1965499998,1.2241861965499998,-0.007629206035418057
2021-03-11,1240819.8865500002,1.2408198865500002,0.013587549056571113
2021-03-12,1247906.8365500001,1.2479068365500001,0.005711505817096896
2021-03-15,1240429.7865499998,1.2404297865499998,-0.005991673241146467
2021-03-16,1251189.64655,1.2511896465499999,0.00867429992142199
2021-03-17,1256499.87655,1.25649987655,0.004244144774249392
2021-03-18,1259887.9365499998,1.2598879365499998,0.0026964268466962427
2021-03-19,1245660.34655,1.2456603465499998,-0.011292742463238414
2021-03-22,1246847.0765499999,1.24684707655,0.0009526914806969877
2021-03-23,1243407.9465499998,1.2434079465499999,-0.002758261269309892
2021-03-24,1234055.1765500002,1.2340551765500003,-0.007521883727661605
2021-03-25,1231538.2265499998,1.23153822655,-0.0020395765504075403
2021-03-26,1241570.15655,1.24157015655,0.008145853521821511
2021-03-29,1252636.0765499999,1.25263607655,0.00891284309760576
2021-03-30,1255513.9565499998,1.2555139565499998,0.0022974589778110843
2021-03-31,1246182.3165499999,1.24618231655,-0.0074325259001039035
2021-04-01,1260130.98072,1.26013098072,0.011193116757278743
2021-04-02,1264311.9507200003,1.2643119507200002,0.0033178852547623983
2021-04-06,1261319.6107200002,1.2613196107200002,-0.0023667734836295695
2021-04-07,1262144.7007200003,1.2621447007200004,0.0006541482372808272
2021-04-08,1263919.73072,1.26391973072,0.001406360141580576
2021-04-09,1260740.6107200005,1.2607406107200005,-0.00251528631346587
2021-04-12,1248294.0307200004,1.2482940307200003,-0.009872435213213349
2021-04-13,1235690.8307200002,1.2356908307200003,-0.010096339235661222
2021-04-14,1252320.8907199996,1.2523208907199996,0.013458107470385228
2021-04-15,1241561.23072,1.2415612307200001,-0.008591775542300062
2021-04-16,1250211.61072,1.25021161072,0.006967340624016938
2021-04-19,1262430.33072,1.26243033072,0.00977332148832244
2021-04-20,1256909.0307200004,1.2569090307200004,-0.00437354827877956
2021-04-21,1257241.5307200004,1.2572415307200004,0.00026453783994973
2021-04-22,1251942.5207200004,1.2519425207200003,-0.004214790770525556
2021-04-23,1256275.80072,1.25627580072,0.0034612451676354627
2021-04-26,1233764.3707200005,1.2337643707200006,-0.017919178246605938
2021-04-27,1230637.9307200003,1.2306379307200004,-0.0025340657212978845
2021-04-28,1234024.8507200002,1.2340248507200002,0.0027521661046301382
2021-04-29,1249502.08072,1.24950208072,0.01254207319323375
2021-04-30,1224962.3835699996,1.2249623835699996,-0.019639580860769557
2021-05-06,1227901.99357,1.22790199357,0.0023997553226353663
2021-05-07,1222847.48357,1.2228474835699998,-0.004116379015970728
2021-05-10,1218375.58357,1.21837558357,-0.00365695645620856
2021-05-11,1226828.2135699997,1.2268282135699997,0.006937622613244043
2021-05-12,1228189.19357,1.2281891935699998,0.0011093484686333088
2021-05-13,1217058.3835699998,1.2170583835699997,-0.009062781254120855
2021-05-14,1241211.53357,1.24121153357,0.019845514665575603
2021-05-17,1237508.1335699996,1.2375081335699996,-0.002983697701671062
2021-05-18,1242366.52357,1.2423665235699999,0.003925945913571205
2021-05-19,1233046.8035699998,1.2330468035699997,-0.0075015865472770615
2021-05-20,1233635.4035699998,1.23363540357,0.00047735414284022504
2021-05-21,1219338.95357,1.2193389535699999,-0.011588877847237278
2021-05-24,1223349.6835699996,1.2233496835699997,0.003289265866769142
2021-05-25,1244593.6635699999,1.24459366357,0.01736541913184264
2021-05-26,1245860.32357,1.24586032357,0.0010177297515454597
2021-05-27,1252049.6735699999,1.25204967357,0.004967932506482198
2021-05-28,1254120.6335699998,1.25412063357,0.0016540557804667344
2021-05-31,1254607.54357,1.25460754357,0.00038824813735338637
2021-06-01,1261276.89357,1.26127689357,0.005315885460900782
2021-06-02,1258670.18735,1.25867018735,-0.0020667200305414246
2021-06-03,1253344.89735,1.2533448973499999,-0.004230885940988194
2021-06-04,1252032.67735,1.2520326773500001,-0.001046974382529653
2021-06-07,1246712.2073499998,1.2467122073499999,-0.004249465765750915
2021-06-08,1247562.70735,1.24756270735,0.0006821943308055189
2021-06-09,1239488.90735,1.23948890735,-0.006471658660869961
2021-06-10,1238917.69735,1.23891769735,-0.00046084317222427895
2021-06-11,1232964.6873499998,1.2329646873499998,-0.004805008446270076
2021-06-15,1222882.5673500001,1.2228825673500001,-0.008177136055428358
2021-06-16,1211771.1273500002,1.2117711273500003,-0.009086269030785576
2021-06-17,1208136.1073500002,1.20813610735,-0.002999757889882604
2021-06-18,1211668.93735,1.21166893735,0.0029241986714139134
2021-06-21,1203346.71735,1.20334671735,-0.006868394281197898
2021-06-22,1202538.88735,1.20253888735,-0.0006713194030886216
2021-06-23,1210021.4573499998,1.2100214573499999,0.006222310212760762
2021-06-24,1212140.21735,1.21214021735,0.0017510102710411868
2021-06-25,1210922.0573500004,1.2109220573500004,-0.00100496624281865
2021-06-28,1207710.8973500002,1.2077108973500001,-0.0026518304630006595
2021-06-29,1191637.1473500002,1.1916371473500003,-0.013309269656562206
2021-06-30,1198225.98735,1.19822598735,0.00552923347065204
2021-07-01,1198096.66892,1.19809666892,-0.00010792490846067704
2021-07-02,1181050.54892,1.18105054892,-0.014227666633416125
2021-07-05,1169538.4189200003,1.1695384189200002,-0.009747364336375797
2021-07-06,1182451.6978200001,1.1824516978200001,0.011041346475752833
2021-07-07,1184773.2378200002,1.1847732378200002,0.001963327554334926
2021-07-08,1172331.35782,1.17233135782,-0.010501486362819445
2021-07-09,1171974.17782,1.1719741778200001,-0.00030467495185337867
2021-07-12,1171072.7778200002,1.1710727778200003,-0.0007691295738926351
2021-07-13,1178786.30782,1.17878630782,0.006586721291872877
2021-07-14,1170014.5778200002,1.1700145778200002,-0.00744132328464342
2021-07-15,1174800.6778200003,1.1748006778200004,0.004090632792727922
2021-07-16,1171593.8578200003,1.1715938578200003,-0.002729671560924518
2021-07-19,1164016.6278199998,1.16401662782,-0.006467454527372962
2021-07-20,1157117.06782,1.15711706782,-0.005927372371751782
2021-07-21,1153721.58782,1.15372158782,-0.002934430831961543
2021-07-22,1163798.5478200002,1.1637985478200001,0.00873430826499555
2021-07-23,1158555.30782,1.15855530782,-0.004505281442240716
2021-07-26,1129750.28782,1.1297502878199999,-0.024862878626141005
2021-07-27,1098214.3878199998,1.09821438782,-0.02791404466986469
2021-07-28,1095179.2478200002,1.0951792478200002,-0.002763704458493388
2021-07-29,1099821.15569,1.09982115569,0.004238491442601466
2021-07-30,1106069.4956899995,1.1060694956899995,0.005681232778323331
2021-08-02,1123199.6056899999,1.1231996056899998,0.015487372237233732
2021-08-03,1128826.97569,1.12882697569,0.00501012462209971
2021-08-04,1127625.01569,1.12762501569,-0.0010647867440138903
2021-08-05,1119948.8056899998,1.1199488056899998,-0.006807413717496491
2021-08-06,1116502.2256899998,1.1165022256899997,-0.0030774442389593926
2021-08-09,1156286.3156899998,1.1562863156899998,0.03563279058885316
2021-08-10,1162062.7956899998,1.1620627956899998,0.00499571768827245
2021-08-11,1170199.21569,1.17019921569,0.007001704236791362
2021-08-12,1162889.6856899997,1.1628896856899997,-0.006246397965401385
2021-08-13,1164912.1056899996,1.1649121056899996,0.0017391331481282357
2021-08-16,1179363.45569,1.17936345569,0.01240552821917884
2021-08-17,1167316.5356899996,1.1673165356899995,-0.01021476453410386
2021-08-18,1192100.4656899995,1.1921004656899996,0.021231541953057542
2021-08-19,1174234.1456899997,1.1742341456899996,-0.01498726031422093
2021-08-20,1169799.13569,1.16979913569,-0.0037769383698117442
2021-08-23,1176672.4056899997,1.1766724056899998,0.005875598459854858
2021-08-24,1181565.0956899999,1.18156509569,0.004158073204012291
2021-08-25,1180742.26569,1.18074226569,-0.0006963899009893026
2021-08-26,1167542.17068,1.16754217068,-0.011179488863546472
2021-08-27,1158297.01068,1.1582970106800001,-0.007918480575836773
2021-08-30,1154005.51068,1.15400551068,-0.0037050082668180773
2021-08-31,1165712.0606799996,1.1657120606799996,0.010144275648303891
2021-09-01,1191615.97068,1.19161597068,0.02222153383648595
2021-09-02,1201979.2806799999,1.2019792806799998,0.008696853898396473
2021-09-03,1209460.50068,1.20946050068,0.006224083992336205
2021-09-06,1226462.15068,1.22646215068,0.014057218065774757
2021-09-07,1240787.83068,1.24078783068,0.011680490907980623
2021-09-08,1240691.9106800004,1.2406919106800005,-7.730572272535152e-05
2021-09-09,1252301.84068,1.25230184068,0.00935762528961459
2021-09-10,1254086.54068,1.2540865406800001,0.0014251356518257818
2021-09-13,1261181.77068,1.2611817706800001,0.0056576877032368245
2021-09-14,1224270.3506800001,1.2242703506800001,-0.029267327563812007
2021-09-15,1215898.37068,1.21589837068,-0.00683834252405946
2021-09-16,1208128.58068,1.20812858068,-0.00639016400330783
2021-09-17,1206076.0806800001,1.2060760806800002,-0.0016989085705136908
2021-09-22,1199191.60068,1.1991916006799999,-0.005708163946107625
2021-09-23,1221797.35068,1.22179735068,0.018850824161194435
2021-09-24,1215171.7506799998,1.2151717506799997,-0.0054228305506741625
2021-09-27,1192613.6859,1.1926136858999998,-0.018563684324768515
2021-09-28,1202145.1659,1.2021451659,0.007992093426973712
2021-09-29,1180336.3959,1.1803363959,-0.018141544481171445
2021-09-30,1190966.5159,1.1909665159,0.009006008826741851
2021-10-08,1212551.3958999997,1.2125513958999996,0.018123834475470613
2021-10-11,1208188.4659,1.2081884659,-0.0035981402641999116
2021-10-12,1202395.1959,1.2023951958999999,-0.0047950052193922454
2021-10-13,1211564.7558999998,1.2115647558999998,0.007626078373621947
2021-10-14,1200931.2958999998,1.2009312958999998,-0.008776633645224408
2021-10-15,1196988.9259000001,1.1969889259000002,-0.0032827606487223493
2021-10-18,1192123.5359,1.1921235359,-0.004064690904589607
2021-10-19,1205849.5859000003,1.2058495859000002,0.011513949340525187
2021-10-20,1200821.6759,1.2008216758999999,-0.004169599640611699
2021-10-21,1205357.5459,1.2053575459,0.0037773052327696455
2021-10-22,1219078.9559000002,1.2190789559000001,0.011383684489862045
2021-10-25,1208867.0359000002,1.2088670359000002,-0.008376750292158786
2021-10-26,1190827.2259000002,1.1908272259000001,-0.014922906708734529
2021-10-27,1165642.6158999999,1.1656426159,-0.02114883624781605
2021-10-28,1157544.1459000001,1.1575441459000002,-0.006947644063053482
2021-10-29,1174332.9059,1.1743329058999998,0.014503775134162344
2021-11-01,1187261.0491600002,1.1872610491600002,0.01100892531840647
2021-11-02,1162909.2191599999,1.16290921916,-0.02051093145625338
2021-11-03,1159581.76916,1.1595817691599999,-0.0028613153504823963
2021-11-04,1171822.32916,1.17182232916,0.010556012801811399
2021-11-05,1162552.59916,1.16255259916,-0.007910525144750213
2021-11-08,1162627.05916,1.1626270591599999,6.404871491705322e-05
2021-11-09,1163083.99916,1.16308399916,0.00039302370988192337
2021-11-10,1163994.89916,1.16399489916,0.0007831764521375462
2021-11-11,1182208.7591600004,1.1822087591600003,0.01564771461897685
2021-11-12,1171009.7291599999,1.17100972916,-0.009472971599328806
2021-11-15,1174461.12916,1.17446112916,0.002947370900561186
2021-11-16,1179978.2791600002,1.1799782791600002,0.0046976011917450045
2021-11-17,1183930.63916,1.18393063916,0.0033495192833663534
2021-11-18,1170423.0891600002,1.1704230891600003,-0.01140907208008679
2021-11-19,1179265.7991599997,1.1792657991599997,0.007555139745530681
2021-11-22,1176646.57916,1.17664657916,-0.0022210599186929247
2021-11-23,1176070.62916,1.17607062916,-0.0004894842769280761
2021-11-24,1176299.2191600003,1.1762992191600004,0.00019436757821567063
2021-11-25,1169971.6691600003,1.1699716691600002,-0.005379201054404037
2021-11-26,1163284.38916,1.16328438916,-0.005715762335340546
2021-11-29,1151766.0056399999,1.1517660056399999,-0.009901605856086015
2021-11-30,1155193.28564,1.1551932856399998,0.0029756738636295132
2021-12-01,1164274.9756399998,1.16427497564,0.00786161944749253
2021-12-02,1169309.6056399997,1.1693096056399996,0.004324261970186427
2021-12-03,1175825.1656399998,1.1758251656399998,0.005572142714447281
2021-12-06,1177993.77564,1.1779937756399999,0.0018443303165907032
2021-12-07,1190797.9156400003,1.1907979156400001,0.01086944622694963
2021-12-08,1190249.4256399998,1.1902494256399998,-0.00046060712132300896
2021-12-09,1210805.64564,1.21080564564,0.01727051453013484
2021-12-10,1200425.8256399997,1.2004258256399998,-0.008572655766329706
2021-12-13,1212828.63564,1.21282863564,0.010332008638174406
2021-12-14,1198454.6856399998,1.1984546856399998,-0.011851591871769429
2021-12-15,1191924.47564,1.19192447564,-0.005448858499403797
2021-12-16,1200319.9756399998,1.2003199756399998,0.00704365097922155
2021-12-17,1194443.9256399998,1.19444392564,-0.004895402991912046
2021-12-20,1189023.76564,1.18902376564,-0.004537810343081317
2021-12-21,1209762.9956399999,1.2097629956399998,0.017442233367670923
2021-12-22,1213625.45564,1.2136254556400001,0.0031927410690528735
2021-12-23,1209545.76564,1.2095457656400002,-0.0033615725354479986
2021-12-24,1211282.7656399999,1.2112827656399998,0.001436076293550137
2021-12-27,1221243.2325500003,1.2212432325500002,0.008223073251387047
2021-12-28,1225456.70255,1.22545670255,0.0034501480849167265
2021-12-29,1215699.70255,1.21569970255,-0.007961929605262319
2021-12-30,1219494.4825499998,1.2194944825499998,0.003121478101902886
2021-12-31,1229141.9625500003,1.2291419625500002,0.00791104850251334
2022-01-04,1245519.6325500002,1.2455196325500002,0.013324473900494516
2022-01-05,1247170.8525500002,1.2471708525500003,0.0013257277981395532
2022-01-06,1244900.9225500003,1.2449009225500003,-0.001820063382141135
2022-01-07,1251664.39255,1.25166439255,0.005432938378859609
2022-01-10,1266353.1025500002,1.26635310255,0.011735342227060519
2022-01-11,1265425.35255,1.2654253525499999,-0.0007326155699639569
2022-01-12,1256559.3225500004,1.2565593225500005,-0.007006363498355039
2022-01-13,1239983.2925500004,1.2399832925500003,-0.013191601623997795
2022-01-14,1222180.95255,1.22218095255,-0.014356919247992539
2022-01-17,1232013.8525500004,1.2320138525500004,0.008045371660787781
2022-01-18,1236485.9925499998,1.2364859925499998,0.003629942951325571
2022-01-19,1228517.9325500003,1.2285179325500002,-0.00644411667257716
2022-01-20,1239214.8425500002,1.2392148425500003,0.008707166347825979
2022-01-21,1221123.0425500001,1.2211230425500001,-0.014599405509678753
2022-01-24,1215937.6025500002,1.2159376025500002,-0.004246451683666108
2022-01-25,1183574.46759,1.18357446759,-0.02661578595162284
2022-01-26,1193073.09759,1.19307309759,0.00802537589319674
2022-01-27,1170066.8475900001,1.1700668475900002,-0.019283185620790677
2022-01-28,1165701.85759,1.16570185759,-0.0037305475400750687
2022-02-07,1179426.71759,1.17942671759,0.011773902486845955
2022-02-08,1197095.9775899998,1.1970959775899999,0.014981227520523444
2022-02-09,1209797.10759,1.2097971075899998,0.010609951280238894
2022-02-10,1212826.06759,1.21282606759,0.002503692545631875
2022-02-11,1209584.4775899998,1.2095844775899998,-0.0026727575260989678
2022-02-14,1187343.17759,1.18734317759,-0.01838755408329451
2022-02-15,1184045.3075899999,1.18404530759,-0.002777520486279217
2022-02-16,1190637.94759,1.19063794759,0.005567895043998572
2022-02-17,1185322.2475900003,1.1853222475900003,-0.004464581370650311
2022-02-18,1196575.0775900001,1.1965750775900001,0.009493477425973618
2022-02-21,1198986.94759,1.19898694759,0.0020156445217440755
2022-02-22,1182170.43759,1.18217043759,-0.014025598888963375
2022-02-23,1185328.46759,1.18532846759,0.002671382991472848
2022-02-24,1155115.95759,1.15511595759,-0.02548872386523182
2022-02-25,1161340.5175899998,1.1613405175899998,0.0053886884334855
2022-02-28,1156858.5175899998,1.15685851759,-0.00385933318618803
2022-03-01,1168501.14353,1.16850114353,0.010064001572339443
2022-03-02,1164024.35353,1.1640243535299999,-0.0038312243208216135
2022-03-03,1160168.67353,1.16016867353,-0.00331237056020961
2022-03-04,1146634.4035299998,1.1466344035299998,-0.011665777837993274
2022-03-07,1114175.92353,1.11417592353,-0.028307610429334717
2022-03-08,1077232.4835300003,1.0772324835300002,-0.03315763625815327
2022-03-09,1054708.58353,1.0547085835299999,-0.0209090427037546
2022-03-10,1074201.00353,1.07420100353,0.018481332478361923
2022-03-11,1086478.9035300002,1.0864789035300002,0.01142979755153184
2022-03-14,1065813.0435300004,1.0658130435300004,-0.019020949171544732
2022-03-15,1011897.3335300002,1.01189733353,-0.050586461037697594
2022-03-16,1042265.7135300001,1.04226571353,0.030011325253778365
2022-03-17,1055020.8335300002,1.0550208335300002,0.012237877380423923
2022-03-18,1061675.71353,1.0616757135300001,0.006307818564808221
2022-03-21,1060641.1935300003,1.0606411935300002,-0.0009744218378701097
2022-03-22,1063438.9535300003,1.0634389535300004,0.0026378006219887062
2022-03-23,1065185.8135300002,1.06518581353,0.0016426518834966597
2022-03-24,1058717.4735300003,1.0587174735300002,-0.00607249919951891
2022-03-25,1048466.5335300004,1.0484665335300003,-0.009682413161483994
2022-03-28,1045275.7335300001,1.04527573353,-0.0030433017153703723
2022-03-29,1041524.2330600001,1.04152423306,-0.003589005608434781
2022-03-30,1064306.1530600004,1.0643061530600004,0.021873634118974916
2022-03-31,1061779.8930600001,1.0617798930600002,-0.0023736215305502073
2022-04-01,1075271.1630600002,1.0752711630600003,0.012706277532831045
2022-04-06,1085010.4930600002,1.0850104930600002,0.009057557139618533
2022-04-07,1068134.5430600005,1.0681345430600004,-0.015553720547351935
2022-04-08,1080749.83306,1.08074983306,0.011810581430930167
2022-04-11,1060741.1130600001,1.0607411130600002,-0.01851373869135642
2022-04-12,1078571.3830600001,1.07857138306,0.016809257018956858
2022-04-13,1071807.5930599999,1.07180759306,-0.006271063840773028
2022-04-14,1081774.54306,1.08177454306,0.009299197042954788
2022-04-15,1081073.3630600004,1.0810733630600005,-0.0006481757261694865
2022-04-18,1068968.9930600002,1.0689689930600001,-0.011196622184583838
2022-04-19,1069193.50306,1.06919350306,0.00021002480095999587
2022-04-20,1057006.65306,1.05700665306,-0.011398170644622896
2022-04-21,1027305.5830600002,1.0273055830600002,-0.028099227108945968
2022-04-22,1031763.6430600001,1.0317636430600001,0.004339565630239184
2022-04-25,976913.5830600002,0.9769135830600002,-0.053161458410499796
2022-04-26,955343.0530600002,0.9553430530600002,-0.022080284657763016
2022-04-27,975647.9930600004,0.9756479930600004,0.02125408243139737
2022-04-28,970102.3397599999,0.9701023397599999,-0.005684071857317341
2022-04-29,998907.0597600003,0.9989070597600003,0.029692454929163947
2022-05-05,1014698.0397600003,1.0146980397600003,0.015808257480725008
2022-05-06,995140.4597600002,0.9951404597600002,-0.019274285781241796
2022-05-09,999397.72976,0.99939772976,0.004278059401811918
2022-05-10,1005540.51976,1.00554051976,0.006146491849121194
2022-05-11,1011498.5397600001,1.01149853976,0.00592519136018721
2022-05-12,1013894.9697600002,1.0138949697600002,0.0023691877998841537
2022-05-13,1021759.0897600001,1.0217590897600002,0.007756345809528442
2022-05-16,1025086.0197600003,1.0250860197600002,0.0032560806488950433
2022-05-17,1022892.3397600001,1.02289233976,-0.0021399960176159416
2022-05-18,1015449.51976,1.01544951976,-0.00727624962148643
2022-05-19,1015037.25976,1.0150372597600001,-0.0004059876852344768
2022-05-20,1035533.3197600003,1.0355333197600003,0.02019242131549559
2022-05-23,1032690.5197600003,1.0326905197600003,-0.0027452520800189673
2022-05-24,1009634.6897600002,1.0096346897600001,-0.0223259820428664
2022-05-25,1016474.0697600001,1.01647406976,0.006774113517856284
2022-05-26,1034912.5897600004,1.0349125897600004,0.018139685554746876
2022-05-27,1032632.6397600002,1.03263263976,-0.0022030362975187234
2022-05-30,1038656.5497600003,1.0386565497600002,0.005833545995021172
2022-05-31,1048829.7003700002,1.0488297003700002,0.009794527952816212
2022-06-01,1045822.1403699999,1.0458221403699999,-0.0028675389330978795
2022-06-02,1045069.87037,1.04506987037,-0.0007193096903969076
2022-06-06,1053709.3203700003,1.0537093203700003,0.008266863532235824
2022-06-07,1054422.32037,1.05442232037,0.0006766572015795003
2022-06-08,1059702.5503699998,1.05970255037,0.005007699380023656
2022-06-09,1050694.1503700002,1.0506941503700002,-0.008500876021157455
2022-06-10,1063565.6903700002,1.0635656903700001,0.012250510765161593
2022-06-13,1062627.71037,1.06262771037,-0.0008819201376023544
2022-06-14,1078498.5703700003,1.0784985703700003,0.01493548478467055
2022-06-15,1097062.0903699999,1.09706209037,0.017212373303036488
2022-06-16,1092683.6503700002,1.0926836503700001,-0.003991059429027444
2022-06-17,1094529.8703700001,1.0945298703700002,0.0016896198633289394
2022-06-20,1095015.58037,1.0950155803700001,0.0004437613016772257
2022-06-21,1092914.1303700001,1.09291413037,-0.0019191051138194304
2022-06-22,1076783.3103699998,1.0767833103699997,-0.014759457812609011
2022-06-23,1084544.4203700002,1.08454442037,0.007207680436032593
2022-06-24,1089066.4503700002,1.0890664503700003,0.0041695203212215315
2022-06-27,1098813.2203700002,1.0988132203700003,0.008949655915567511
2022-06-28,1107869.4303700004,1.1078694303700005,0.008241810193138077
2022-06-29,1099353.3041400004,1.0993533041400003,-0.0076869403528501135
2022-06-30,1108184.4941400003,1.1081844941400003,0.00803307723435509
2022-07-01,1111230.9341399998,1.1112309341399997,0.0027490368400828746
2022-07-04,1127878.1341400002,1.1278781341400002,0.014980864452701637
2022-07-05,1137553.41414,1.13755341414,0.008578302661552462
2022-07-06,1128306.3241400004,1.1283063241400004,-0.008128928176080907
2022-07-07,1135794.5041400003,1.1357945041400004,0.006636655170489725
2022-07-08,1128063.5441400001,1.1280635441400002,-0.006806653819701247
2022-07-11,1133821.0541400006,1.1338210541400007,0.005103888012257141
2022-07-12,1150151.3541400004,1.1501513541400004,0.014402890068385688
2022-07-13,1141316.4041400005,1.1413164041400006,-0.00768155423040473
2022-07-14,1133720.8341400004,1.1337208341400005,-0.006655095793285715
2022-07-15,1109612.1541400005,1.1096121541400004,-0.021265093904963006
2022-07-18,1129923.4041400005,1.1299234041400004,0.018304819322876087
2022-07-19,1134350.52414,1.13435052414,0.003918070892043435
2022-07-20,1157171.7541400006,1.1571717541400006,0.020118322788542198
2022-07-21,1149420.0341400001,1.14942003414,-0.006698849995488865
2022-07-22,1143944.8041400001,1.1439448041400002,-0.004763471870486757
2022-07-25,1128533.6241400002,1.1285336241400001,-0.013471961185737458
2022-07-26,1131268.7141400003,1.1312687141400002,0.0024235786524167136
2022-07-27,1130297.70203,1.13029770203,-0.000858339047003831
2022-07-28,1132922.95203,1.1329229520300002,0.0023226181874786977
2022-07-29,1123295.5520300001,1.12329555203,-0.008497841784165017
2022-08-01,1116982.2120300003,1.1169822120300004,-0.005620373007433677
2022-08-02,1093606.8220300004,1.0936068220300004,-0.020927271489415755
2022-08-03,1084450.0420300001,1.08445004203,-0.008373009216423033
2022-08-04,1090801.6420300002,1.0908016420300002,0.005856977964711518
2022-08-05,1107857.6420300002,1.1078576420300001,0.01563620675181454
2022-08-08,1109267.4220300002,1.1092674220300003,0.0012725281177976555
2022-08-09,1106303.5620300001,1.1063035620300001,-0.0026719075500983847
2022-08-10,1104068.44203,1.10406844203,-0.002020349637037122
2022-08-11,1127521.6020300002,1.1275216020300003,0.021242487428476897
2022-08-12,1143100.4120300002,1.1431004120300003,0.013816861665401303
2022-08-15,1130206.93203,1.13020693203,-0.011279394062244319
2022-08-16,1128758.8420300002,1.12875884203,-0.0012812609434266209
2022-08-17,1140452.25203,1.14045225203,0.010359529037194504
2022-08-18,1130470.4020300005,1.1304704020300005,-0.008752536532969146
2022-08-19,1127327.69203,1.12732769203,-0.002780002018944683
2022-08-22,1130980.3220300004,1.1309803220300003,0.003240078307154004
2022-08-23,1137176.15203,1.1371761520299999,0.005478282759932229
2022-08-24,1124814.76967,1.1248147696700002,-0.010870244102405002
2022-08-25,1137306.3496700004,1.1373063496700004,0.011105455170778988
2022-08-26,1135333.17967,1.13533317967,-0.0017349503065493543
2022-08-29,1133515.5996700001,1.1335155996700002,-0.001600922119203818
2022-08-30,1131117.97967,1.13111797967,-0.0021152068844030314
2022-08-31,1132349.6596700002,1.1323496596700002,0.0010889049790894223
2022-09-01,1131696.03967,1.13169603967,-0.0005772245299130452
2022-09-02,1124914.5296700003,1.1249145296700003,-0.005992342256474825
2022-09-05,1125566.9896700003,1.1255669896700002,0.0005800085097944496
2022-09-06,1134958.00967,1.13495800967,0.008343368352294211
2022-09-07,1128396.97967,1.12839697967,-0.005780857039731191
2022-09-08,1128701.47967,1.1287014796700001,0.00026985183892391795
2022-09-09,1143989.3396700001,1.14398933967,0.013544644244171344
2022-09-13,1143688.69967,1.14368869967,-0.0002627996516879616
2022-09-14,1136341.77967,1.1363417796700002,-0.006423880905809143
2022-09-15,1130210.4396700002,1.1302104396700001,-0.005395682979975058
2022-09-16,1089990.42967,1.08999042967,-0.035586301973766554
2022-09-19,1084987.6296700002,1.08498762967,-0.0045897650693268455
2022-09-20,1083356.61967,1.08335661967,-0.0015032521619589012
2022-09-21,1085221.78967,1.08522178967,0.0017216583774308791
2022-09-22,1072035.3320199999,1.0720353320199998,-0.012150933362672367
2022-09-23,1068507.3820200004,1.0685073820200004,-0.003290889669981145
2022-09-26,1044181.9620200003,1.0441819620200004,-0.022765794985911247
2022-09-27,1062441.1920200002,1.06244119202,0.01748663610763468
2022-09-28,1045190.1520200006,1.0451901520200007,-0.0162371716473082
2022-09-29,1036607.8120200003,1.0366078120200004,-0.008211271397279729
2022-09-30,1040992.8620200002,1.0409928620200002,0.004230191929052607
2022-10-10,1024766.0020200002,1.0247660020200002,-0.015587868651195658
2022-10-11,1025539.1420200001,1.0255391420200002,0.0007544551619353967
2022-10-12,1046241.5620200001,1.04624156202,0.02018686479311005
2022-10-13,1051638.4620200002,1.05163846202,0.00515836896173405
2022-10-14,1067029.56202,1.06702956202,0.014635352885854491
2022-10-17,1072900.8920200001,1.07290089202,0.0055024998453510054
2022-10-18,1074954.4120200004,1.0749544120200003,0.0019139885289254366
2022-10-19,1057007.1320200001,1.05700713202,-0.01669585221411818
2022-10-20,1054750.4420200002,1.0547504420200002,-0.002134980864024194
2022-10-21,1054513.4520200002,1.0545134520200001,-0.0002246882206052847
2022-10-24,1031598.0020200001,1.0315980020200002,-0.021730827573705813
2022-10-25,1028896.5120200001,1.0288965120200002,-0.002618742954823561
2022-10-26,1049927.04202,1.04992704202,0.02043988851581502
2022-10-27,1057289.2408200002,1.05728924082,0.00701210513240591
2022-10-28,1027197.9708200005,1.0271979708200005,-0.028460773871737954
2022-10-31,1013110.7808200002,1.0131107808200002,-0.01371419181129685
2022-11-01,1036818.2108200003,1.0368182108200004,0.02340062947589172
2022-11-02,1048521.7808200003,1.0485217808200002,0.011287967242342045
2022-11-03,1046184.1208200002,1.0461841208200002,-0.0022294815832741843
2022-11-04,1068312.81082,1.06831281082,0.02115181215200934
2022-11-07,1073415.7108200002,1.0734157108200002,0.004776597217891032
2022-11-08,1069591.88082,1.06959188082,-0.003562301130359935
2022-11-09,1077783.6408200003,1.0777836408200003,0.0076587716744074275
2022-11-10,1083192.7108200002,1.0831927108200001,0.0050186974408745755
2022-11-11,1110859.7908200002,1.1108597908200002,0.025542158586956853
2022-11-14,1123220.9308200006,1.1232209308200005,0.011127542919593614
2022-11-15,1135151.7108200002,1.1351517108200002,0.010621935251232895
2022-11-16,1133431.1408200003,1.1334311408200004,-0.0015157181049896273
2022-11-17,1136440.86082,1.13644086082,0.0026554061306469645
2022-11-18,1136440.55082,1.13644055082,-2.7278146252918134e-07
2022-11-21,1129703.4808200002,1.1297034808200002,-0.005928220350055802
2022-11-22,1124321.51082,1.12432151082,-0.004764055428149727
2022-11-23,1119797.8508200003,1.1197978508200004,-0.004023457664436569
2022-11-24,1122165.4899300002,1.1221654899300002,0.0021143451099374655
2022-11-25,1134558.64993,1.13455864993,0.011043968212543165
2022-11-28,1125626.7799300002,1.1256267799300002,-0.007872550264854894
2022-11-29,1155354.81993,1.1553548199299999,0.02641021032019908
2022-11-30,1154627.13993,1.15462713993,-0.0006298324873426075
2022-12-01,1158803.9399299999,1.1588039399299999,0.0036174448491250732
2022-12-02,1156433.41993,1.1564334199300002,-0.0020456609770785894
2022-12-05,1186612.81993,1.18661281993,0.026096962851373195
2022-12-06,1186170.5399300002,1.1861705399300002,-0.0003727247781005749
2022-12-07,1183040.28993,1.1830402899299999,-0.0026389544290865707
2022-12-08,1181863.10993,1.18186310993,-0.0009950464155953354
2022-12-09,1191658.08993,1.19165808993,0.008287744932304442
2022-12-12,1176667.2899300002,1.1766672899300001,-0.012579782847679466
2022-12-13,1180562.18993,1.18056218993,0.0033101115611291476
2022-12-14,1182766.19993,1.1827661999299999,0.0018669156261310604
2022-12-15,1170786.09993,1.17078609993,-0.010128882614931833
2022-12-16,1177938.1999300001,1.17793819993,0.006108801599564284
2022-12-19,1153132.61993,1.15313261993,-0.021058473187705484
2022-12-20,1142350.85993,1.14235085993,-0.009349973987080928
2022-12-21,1140770.32993,1.14077032993,-0.0013835766710911246
2022-12-22,1137395.7962600004,1.1373957962600005,-0.002958118370949059
2022-12-23,1133100.5262600002,1.1331005262600002,-0.0037764074864036212
2022-12-26,1134551.41626,1.1345514162600001,0.001280460088381341
2022-12-27,1145401.7062600001,1.1454017062600002,0.009563506637511043
2022-12-28,1137346.2562600002,1.13734625626,-0.007032860136294894
2022-12-29,1140703.70626,1.1407037062599998,0.002952003386409663
2022-12-30,1147109.0062600002,1.1471090062600002,0.005615218013976131
2023-01-03,1153177.60626,1.15317760626,0.0052903429115125356
2023-01-04,1165190.67626,1.1651906762600002,0.010417363235972754
2023-01-05,1184710.2562600004,1.1847102562600005,0.016752262438842758
2023-01-06,1181716.9462600003,1.1817169462600003,-0.0025266177820133517
2023-01-09,1186977.9962600004,1.1869779962600004,0.004452039057788459
2023-01-10,1182214.4162600003,1.1822144162600003,-0.004013199920309796
2023-01-11,1180351.0362600004,1.1803510362600005,-0.001576177700399528
2023-01-12,1178576.1562599998,1.17857615626,-0.0015036882634714699
2023-01-13,1197203.6062600003,1.1972036062600002,0.015805045690989727
2023-01-16,1212898.9562600006,1.2128989562600005,0.013110008955813157
2023-01-17,1215011.19626,1.21501119626,0.0017414805982789439
2023-01-18,1213020.9962600002,1.2130209962600003,-0.0016380095970522923
2023-01-19,1218090.09626,1.21809009626,0.004178905406937661
2023-01-20,1222299.3705700003,1.2222993705700003,0.003455634622532733
2023-01-30,1228077.7305700004,1.2280777305700004,0.004727450687719292
2023-01-31,1224492.3205700002,1.2244923205700002,-0.0029195301818036867
2023-02-01,1242818.79057,1.2428187905699999,0.014966586308576169
2023-02-02,1235177.0005700001,1.2351770005700002,-0.0061487564059881095
2023-02-03,1230796.5105700004,1.2307965105700005,-0.003546447187713353
2023-02-06,1223330.6805700003,1.2233306805700004,-0.006065852426362928
2023-02-07,1224922.1005700005,1.2249221005700004,0.0013008911043239646
2023-02-08,1217446.1605700003,1.2174461605700002,-0.0061031962738865575
2023-02-09,1225869.1005700002,1.2258691005700002,0.006918531819145368
2023-02-10,1227156.6005700002,1.2271566005700003,0.0010502752695222828
2023-02-13,1245594.7305700004,1.2455947305700004,0.015025083181262833
2023-02-14,1253421.3605700007,1.2534213605700006,0.006283448225907984
2023-02-15,1251076.3405700002,1.2510763405700003,-0.001870895194361455
2023-02-16,1239201.31057,1.23920131057,-0.009491850828695192
2023-02-17,1239676.86057,1.23967686057,0.0003837552429486468
2023-02-20,1270913.4605700003,1.2709134605700003,0.025197372794098838
2023-02-21,1284322.69057,1.28432269057,0.010550860004256979
2023-02-22,1282835.8705700003,1.2828358705700003,-0.0011576685601808467
2023-02-23,1283458.6305700005,1.2834586305700004,0.0004854557112776714
2023-02-24,1276737.6219100007,1.2767376219100006,-0.005236638330146204
2023-02-27,1267071.1919100003,1.2670711919100004,-0.007571195392158336
2023-02-28,1273322.5719100002,1.27332257191,0.004933724355753233
2023-03-01,1283935.1619100005,1.2839351619100006,0.008334565202972488
2023-03-02,1281495.45191,1.2814954519100001,-0.0019001816231678514
2023-03-03,1288490.5219100001,1.28849052191,0.00545852112824452
2023-03-06,1283193.2119100005,1.2831932119100005,-0.004111252593575254
2023-03-07,1261878.20191,1.26187820191,-0.01661091237248169
2023-03-08,1259754.1719100003,1.2597541719100003,-0.0016832290127405392
2023-03-09,1257963.0219100001,1.2579630219100002,-0.0014218250194674154
2023-03-10,1243888.0519100004,1.2438880519100004,-0.011188699313775863
2023-03-13,1252351.7619100008,1.2523517619100009,0.006804237718180728
2023-03-14,1240444.8319100002,1.24044483191,-0.00950765620502747
2023-03-15,1243083.2919100004,1.2430832919100003,0.0021270272825737457
2023-03-16,1232837.3919100002,1.2328373919100002,-0.008242327820412787
2023-03-17,1229991.4019100002,1.2299914019100002,-0.0023084877362380407
2023-03-20,1217952.8019100006,1.2179528019100005,-0.009787548092860976
2023-03-21,1231855.3719100002,1.2318553719100003,0.011414703409029947
2023-03-22,1231791.9319100003,1.2317919319100004,-5.149955217675917e-05
2023-03-23,1234313.0119100004,1.2343130119100003,0.002046676824787097
2023-03-24,1234832.6019100007,1.2348326019100007,0.00042095481047899064
2023-03-27,1229886.9419100008,1.2298869419100007,-0.004005125870786164
2023-03-28,1231078.3319100004,1.2310783319100005,0.0009686987961263771
2023-03-29,1227582.9919100003,1.2275829919100003,-0.0028392506873037293
2023-03-30,1236936.3319100004,1.2369363319100004,0.007619313774824388
2023-03-31,1240258.9019100005,1.2402589019100005,0.0026861285534960366
2023-04-03,1248614.24191,1.2486142419100001,0.006736770836421657
2023-04-04,1255903.7319100003,1.2559037319100004,0.005838064115662789
2023-04-06,1253871.1419100005,1.2538711419100004,-0.001618428187094234
2023-04-07,1260640.1219100002,1.2606401219100003,0.005398465419412135
2023-04-10,1257694.45191,1.25769445191,-0.002336646239322726
2023-04-11,1262900.2619100001,1.26290026191,0.004139169089991901
2023-04-12,1260893.8819100005,1.2608938819100004,-0.001588708198512201
2023-04-13,1255986.1619100005,1.2559861619100006,-0.003892254590501798
2023-04-14,1251905.33191,1.25190533191,-0.0032491042686288996
2023-04-17,1269412.7619100004,1.2694127619100004,0.013984627714053843
2023-04-18,1272282.2919100004,1.2722822919100003,0.002260517686683894
2023-04-19,1258008.3119100002,1.25800831191,-0.011219192541437883
2023-04-20,1255786.39191,1.25578639191,-0.0017662204446221574
2023-04-21,1238118.9919100006,1.2381189919100006,-0.014068793955577141
2023-04-24,1225176.7566000004,1.2251767566000005,-0.010453143352590621
2023-04-25,1220889.3266000003,1.2208893266000003,-0.0034994379193891145
2023-04-26,1218844.9666,1.2188449665999999,-0.001674484292277012
2023-04-27,1229695.1666,1.2296951666000002,0.008902034546909743
2023-04-28,1240081.7566000004,1.2400817566000004,0.008446475420992527
2023-05-04,1249609.7366000004,1.2496097366000005,0.007683348254492017
2023-05-05,1249501.7766000004,1.2495017766000005,-8.63949734368763e-05
2023-05-08,1256284.4166000006,1.2562844166000007,0.0054282755951386985
2023-05-09,1256804.8366000005,1.2568048366000004,0.0004142533276088045
2023-05-10,1252043.2566000004,1.2520432566000004,-0.0037886391437523814
2023-05-11,1251316.4366000006,1.2513164366000007,-0.000580507100028993
2023-05-12,1245016.2966000005,1.2450162966000005,-0.005034809593901457
2023-05-15,1249493.5766000007,1.2494935766000008,0.0035961617628839093
2023-05-16,1240310.4866,1.2403104865999999,-0.007349449546582787
2023-05-17,1238996.2766000004,1.2389962766000004,-0.0010595814630270928
2023-05-18,1233248.6466,1.2332486466,-0.004638940494456345
2023-05-19,1231206.5666000005,1.2312065666000005,-0.0016558542396373221
2023-05-22,1240856.2366000004,1.2408562366000004,0.007837571908544616
2023-05-23,1227745.5466000005,1.2277455466000005,-0.010565841241950702
2023-05-24,1212127.7566000004,1.2121277566000004,-0.012720705885067574
2023-05-25,1206414.8655500005,1.2064148655500004,-0.004713109669251758
2023-05-26,1205146.8755500005,1.2051468755500006,-0.0010510397676688488
2023-05-29,1199231.1755500003,1.1992311755500003,-0.004908696292558079
2023-05-30,1190562.5355500006,1.1905625355500007,-0.007228497871583306
2023-05-31,1176814.8155500004,1.1768148155500004,-0.01154724727974854
2023-06-01,1177255.73555,1.1772557355500002,0.00037467237340460535
2023-06-02,1201090.7455500006,1.2010907455500006,0.020246246656734357
2023-06-05,1200219.8755500005,1.2002198755500004,-0.0007250659479532962
2023-06-06,1195904.5055500004,1.1959045055500004,-0.0035954828676891815
2023-06-07,1195886.5655500004,1.1958865655500004,-1.5001197768538255e-05
2023-06-08,1210291.3255500004,1.2102913255500005,0.012045256142981353
2023-06-09,1206055.0255500004,1.2060550255500004,-0.0035002316471820505
2023-06-12,1213207.4055500003,1.2132074055500002,0.005930392766895443
2023-06-13,1212455.2755500004,1.2124552755500004,-0.0006199517053382397
2023-06-14,1217619.8055500004,1.2176198055500005,0.004259563304433778
2023-06-15,1229872.7955500002,1.2298727955500002,0.01006306725970596
2023-06-16,1232982.0255500004,1.2329820255500004,0.0025280907190159407
2023-06-19,1220825.9655500005,1.2208259655500004,-0.009859073164166676
2023-06-20,1210648.9655500005,1.2106489655500006,-0.008336159524109599
2023-06-21,1202732.8655500007,1.2027328655500007,-0.0065387244570961345
2023-06-26,1190211.9670100005,1.1902119670100004,-0.010410373657058547
2023-06-27,1210968.9670100007,1.2109689670100008,0.017439750712761937
2023-06-28,1213435.3670100004,1.2134353670100004,0.0020367161068457484
2023-06-29,1208326.7170100005,1.2083267170100005,-0.0042100717837061374
2023-06-30,1215378.6870100002,1.2153786870100003,0.005836145059715303
2023-07-03,1232471.3870100002,1.2324713870100001,0.014063682523551835
2023-07-04,1231045.70701,1.23104570701,-0.0011567651914896615
2023-07-05,1227753.0770100006,1.2277530770100007,-0.0026746610473111776
2023-07-06,1226242.9470100002,1.2262429470100003,-0.0012299948811190786
2023-07-07,1234867.3570100004,1.2348673570100004,0.007033198454702072
2023-07-10,1232279.2870100006,1.2322792870100006,-0.0020958283376008024
2023-07-11,1238552.05701,1.2385520570100002,0.005090380132266814
2023-07-12,1232233.4970100003,1.2322334970100002,-0.0051015699858862895
2023-07-13,1242239.6670100007,1.2422396670100007,0.008120352209447512
2023-07-14,1242038.8470100004,1.2420388470100003,-0.00016165962602343598
2023-07-17,1237356.4170100004,1.2373564170100004,-0.003769954547937049
2023-07-18,1239855.3670100002,1.23985536701,0.002019587861384453
2023-07-19,1245843.6470100004,1.2458436470100005,0.0048298214125099825
2023-07-20,1240146.4670100003,1.2401464670100002,-0.004572949433641504
2023-07-21,1244278.66701,1.24427866701,0.0033320257807631926
2023-07-24,1237340.6645300006,1.2373406645300007,-0.005575923355393697
2023-07-25,1266310.9845300002,1.2663109845300002,0.023413374206854964
2023-07-26,1268985.2845300005,1.2689852845300005,0.0021118824938510805
2023-07-27,1267139.0445300005,1.2671390445300006,-0.001454894727706546
2023-07-28,1295214.9245300002,1.2952149245300002,0.022156905448693864
2023-07-31,1300082.4545300007,1.3000824545300007,0.003758086714270137
2023-08-01,1297763.4345300007,1.2977634345300006,-0.0017837484014338045
2023-08-02,1300189.5745300003,1.3001895745300003,0.001869477853549073
2023-08-03,1309496.5045300005,1.3094965045300004,0.007158133077143303
2023-08-04,1309116.8745300001,1.3091168745300001,-0.0002899053175682287
2023-08-07,1300489.6045300006,1.3004896045300005,-0.006590144980826884
2023-08-08,1303750.3645300004,1.3037503645300004,0.002507332614302804
2023-08-09,1299176.7345300002,1.2991767345300003,-0.0035080565455096746
2023-08-10,1300451.5045300003,1.3004515045300002,0.0009812136918085912
2023-08-11,1280092.1945300007,1.2800921945300008,-0.015655570337747893
2023-08-14,1274933.0545300008,1.2749330545300008,-0.004030287835552482
2023-08-15,1273338.7045300002,1.2733387045300002,-0.0012505362492059025
2023-08-16,1271752.2445300007,1.2717522445300007,-0.0012459057392628647
2023-08-17,1269327.4445300002,1.2693274445300002,-0.0019066606805137054
2023-08-18,1252143.4245300004,1.2521434245300005,-0.013537893688545077
2023-08-21,1240950.9799200003,1.2409509799200003,-0.00893862826792502
2023-08-22,1247144.3599200004,1.2471443599200005,0.004990833723665267
2023-08-23,1233993.5799200002,1.2339935799200001,-0.010544713525260208
2023-08-24,1240369.1399200002,1.2403691399200003,0.005166607106994459
2023-08-25,1243629.0799200004,1.2436290799200005,0.0026282014725151903
2023-08-28,1256701.9699200008,1.2567019699200008,0.010511888320303031
2023-08-29,1263962.7199200005,1.2639627199200005,0.005777622836432572
2023-08-30,1267795.4199200007,1.2677954199200008,0.0030322888006086846
2023-08-31,1263964.7999200001,1.26396479992,-0.00302148117891321
2023-09-01,1284364.4299200003,1.2843644299200003,0.016139397237400432
2023-09-04,1304428.9199200002,1.3044289199200003,0.015622115913977552
2023-09-05,1296792.8499200006,1.2967928499200005,-0.00585395638151609
2023-09-06,1288264.1299200004,1.2882641299200004,-0.006576779013337641
2023-09-07,1277396.1199200007,1.2773961199200006,-0.008436165959751385
2023-09-08,1275230.5299200006,1.2752305299200006,-0.001695315937029429
2023-09-11,1284358.2299200003,1.2843582299200003,0.007157686226797244
2023-09-12,1285124.7299200003,1.2851247299200004,0.0005967961135326938
2023-09-13,1279477.5599200006,1.2794775599200006,-0.004394258291451125
2023-09-14,1278934.7499200003,1.2789347499200003,-0.00042424347015057595
2023-09-15,1275037.0299200008,1.275037029920001,-0.003047630068886087
2023-09-18,1278476.2787700004,1.2784762787700004,0.0026973717384626283
2023-09-19,1279489.0687700002,1.2794890687700002,0.000792185210486851
2023-09-20,1279317.9387700006,1.2793179387700007,-0.00013374870030280483
2023-09-21,1270680.2287700004,1.2706802287700003,-0.00675180870855685
2023-09-22,1281137.9287700006,1.2811379287700007,0.00823000135142049
2023-09-25,1271260.7787700002,1.27126077877,-0.007709669488501825
2023-09-26,1264884.6287700003,1.2648846287700004,-0.005015611357229832
2023-09-27,1266783.7687700004,1.2667837687700005,0.00150143337724562
2023-09-28,1259431.7487700004,1.2594317487700004,-0.005803689770305986
2023-10-09,1253458.0087700004,1.2534580087700005,-0.004743202643441413
2023-10-10,1243884.0087700004,1.2438840087700005,-0.0076380699895920445
2023-10-11,1239451.5187700004,1.2394515187700004,-0.0035634271111686378
2023-10-12,1250090.9887700004,1.2500909887700005,0.008584014653964411
2023-10-13,1241931.4787700004,1.2419314787700004,-0.006527132883365927
2023-10-16,1235452.1787700003,1.2354521787700004,-0.0052171155259042035
2023-10-17,1236830.9087700006,1.2368309087700005,0.0011159719685571723
2023-10-18,1224440.3287700003,1.2244403287700003,-0.010018006432522153
2023-10-19,1204775.2287700002,1.2047752287700002,-0.016060480480706185
2023-10-20,1197559.0387700005,1.1975590387700004,-0.005989656682572342
2023-10-23,1180337.9387700004,1.1803379387700004,-0.014380167860189697
2023-10-24,1190223.5369500003,1.1902235369500003,0.008375227005158692
2023-10-25,1203514.5869500001,1.2035145869500001,0.011166851929393706
2023-10-26,1208347.75695,1.20834775695,0.004015879867520722
2023-10-27,1227692.9569500005,1.2276929569500006,0.01600962958613006
2023-10-30,1226983.4969500003,1.2269834969500002,-0.000577880646772555
2023-10-31,1222683.2369500003,1.2226832369500003,-0.0035047415150157857
2023-11-01,1219974.72695,1.21997472695,-0.0022152180696911605
2023-11-02,1213362.4069499997,1.2133624069499997,-0.005420046705829296
2023-11-03,1215067.2769499999,1.21506727695,0.0014050789691808507
2023-11-06,1228720.2169500003,1.2287202169500002,0.01123636547456952
2023-11-07,1227554.6169500004,1.2275546169500005,-0.0009486293005686042
2023-11-08,1223142.5969500002,1.22314259695,-0.0035941537256912737
2023-11-09,1222201.6969500002,1.2222016969500002,-0.0007692480029278803
2023-11-10,1217348.52695,1.2173485269500002,-0.0039708421385039605
2023-11-13,1214207.59695,1.21420759695,-0.0025801403053156147
2023-11-14,1217822.2669500003,1.2178222669500003,0.002976978573581812
2023-11-15,1224031.05695,1.2240310569500001,0.005098272686004934
2023-11-16,1215974.9569499998,1.2159749569499998,-0.006581614048318585
2023-11-17,1211713.47695,1.21171347695,-0.0035045787543921403
2023-11-20,1217751.09695,1.2177510969499998,0.0049827125924166715
2023-11-21,1220040.3549600004,1.2200403549600003,0.0018799063418906137
2023-11-22,1212667.4249600004,1.2126674249600005,-0.006043185350407154
2023-11-23,1220450.6949600002,1.2204506949600002,0.006418305497285504
2023-11-24,1218033.1349600006,1.2180331349600007,-0.0019808747784594294
2023-11-27,1207429.5149600003,1.2074295149600003,-0.008705526718161605
2023-11-28,1209549.5049600003,1.2095495049600002,0.0017557877902878438
2023-11-29,1197536.7349600005,1.1975367349600006,-0.009931606726916842
2023-11-30,1198543.6249600006,1.1985436249600006,0.0008408009296128061
2023-12-01,1194079.9549600007,1.1940799549600007,-0.0037242449144466727
2023-12-04,1189218.6749600002,1.1892186749600002,-0.004071151165219389
2023-12-05,1174788.4149600002,1.1747884149600003,-0.012134235951588357
2023-12-06,1179415.0449600006,1.1794150449600005,0.003938266619830211
2023-12-07,1180782.7549600003,1.1807827549600003,0.0011596511387950148
2023-12-08,1176469.87496,1.17646987496,-0.003652560119025816
2023-12-11,1182738.3849600004,1.1827383849600004,0.00532823673042504
2023-12-12,1187972.0749600006,1.1879720749600007,0.004425061422334231
2023-12-13,1173453.1949600005,1.1734531949600004,-0.012221566740522105
2023-12-14,1167627.2449600005,1.1676272449600005,-0.004964791118233336
2023-12-15,1165176.0249600003,1.1651760249600003,-0.002099317235513931
2023-12-18,1158713.6149600004,1.1587136149600004,-0.005546295033166171
2023-12-19,1154252.1374300004,1.1542521374300003,-0.003850371198196423
2023-12-20,1147451.5674300003,1.1474515674300003,-0.0058917543052090515
2023-12-21,1153462.7574300002,1.1534627574300003,0.005238730915208434
2023-12-22,1158446.3674300003,1.1584463674300003,0.004320564290349438
2023-12-25,1159623.4974300002,1.1596234974300001,0.001016128180894027
2023-12-26,1157038.1474300004,1.1570381474300004,-0.002229473622886613
2023-12-27,1160841.0574300003,1.1608410574300003,0.0032867628508592706
2023-12-28,1174674.5574300003,1.1746745574300004,0.0119167907711899
2023-12-29,1175356.7874300003,1.1753567874300002,0.0005807821372179056
