trade_date,close,hs300_ret,hs300_nav
2020-01-02,4152.241,0.0,1.0
2020-01-03,4144.965,-0.0017523067663942626,0.9982476932336057
2020-01-06,4129.295,-0.0037804903057082617,0.9944738275066405
2020-01-07,4160.227,0.007490867085059305,1.0019232987680629
2020-01-08,4112.317,-0.011516198515129084,0.9903849511625169
2020-01-09,4164.37,0.012657827691785473,1.0029210732228695
2020-01-10,4163.185,-0.00028455684773431855,1.0026356851637468
2020-01-13,4203.988,0.009800909640095279,1.0124624269159717
2020-01-14,4189.886,-0.0033544339327323813,1.0090661885955081
2020-01-15,4166.734,-0.005525687333736484,1.0034904043382842
2020-01-16,4149.043,-0.004245771388334485,0.9992298134910765
2020-01-17,4154.853,0.001400322917839203,1.0006290578990962
2020-01-20,4185.83,0.007455618766777139,1.0080893666817512
2020-01-21,4114.309,-0.01708645597169489,0.9908646921024097
2020-01-22,4131.931,0.004283100758839309,0.9951086654170606
2020-01-23,4003.901,-0.030985512584793873,0.9642747133415428
2020-02-03,3688.358,-0.07880889162843929,0.8882812919577648
2020-02-04,3785.638,0.026374880095695552,0.9117096045244004
2020-02-05,3828.527,0.011329398109380717,0.9220387255942034
2020-02-06,3899.775,0.018609768195444465,0.9391976525447345
2020-02-07,3899.869,2.4103954715304354e-05,0.9392202909224202
2020-02-10,3916.005,0.004137574877515204,0.9431063852025934
2020-02-11,3952.464,0.00931025368966587,0.9518869449051732
2020-02-12,3984.433,0.008088372215407924,0.9595861608225538
2020-02-13,3959.919,-0.006152443773053795,0.9536823609226924
2020-02-14,3987.734,0.0070241335744494204,0.9603811532134097
2020-02-17,4077.424,0.02249147009304031,0.9819815371988286
2020-02-18,4057.511,-0.004883720702090311,0.9771858136365402
2020-02-19,4051.311,-0.0015280303614703117,0.9756926440445055
2020-02-20,4144.656,0.023040689791526736,0.9981732755878094
2020-02-21,4149.49,0.0011663211615149383,0.9993374662019862
2020-02-24,4132.839,-0.00401278229372759,0.9953273425121523
2020-02-25,4123.854,-0.002174050331987254,0.9931634507727277
2020-02-26,4073.015,-0.012328031011767271,0.9809197009518478
2020-02-27,4084.876,0.0029120933755462097,0.9837762307149324
2020-02-28,3940.049,-0.03545444219114613,0.9488969932140262
2020-03-02,4069.666,0.03289730660710055,0.9801131485383439
2020-03-03,4091.362,0.00533115002557949,0.9853382787752448
2020-03-04,4115.052,0.005790247844116303,0.9910436316196485
2020-03-05,4206.725,0.0222774827632799,1.0131215890407135
2020-03-06,4138.507,-0.016216415382512728,0.9966923885198379
2020-03-09,3997.133,-0.034160628458523745,0.9626447501481731
2020-03-10,4082.732,0.021415099272403593,0.9832598830366543
2020-03-11,4028.429,-0.013300652602228125,0.9701818849146764
2020-03-12,3950.911,-0.019242737057051262,0.9515129300057489
2020-03-13,3895.313,-0.01407219752608957,0.9381230521060797
2020-03-16,3727.84,-0.042993464196587006,0.897789892253364
2020-03-17,3709.682,-0.0048709172067471496,0.8934168320191435
2020-03-18,3636.257,-0.01979280164714925,0.8757336098747641
2020-03-19,3589.093,-0.012970480359336567,0.8643749242878725
2020-03-20,3653.224,0.017868302660310142,0.8798198370470309
2020-03-23,3530.306,-0.03364644489360635,0.8502170273835263
2020-03-24,3625.115,0.02685574564924398,0.8730502396175946
2020-03-25,3722.518,0.026868940709467326,0.8965081747422661
2020-03-26,3698.047,-0.006573776137549947,0.8906147306960269
2020-03-27,3710.061,0.0032487418358935205,0.8935081080313021
2020-03-30,3674.111,-0.009689867632904248,0.884850132735552
2020-03-31,3686.155,0.0032780718927654107,0.8877507350849821
2020-04-01,3675.076,-0.0030055708455016816,0.8850825373575381
2020-04-02,3734.531,0.01617789672921055,0.8994013112437359
2020-04-03,3713.218,-0.005707008457019103,0.8942684203542138
2020-04-07,3798.021,0.02283814201051504,0.9146918495337824
2020-04-08,3780.345,-0.00465400270298677,0.9104348711936522
2020-04-09,3792.811,0.003297582628040585,0.9134371054088627
2020-04-10,3769.178,-0.0062309985918096444,0.9077454800913534
2020-04-13,3753.257,-0.00422399791148087,0.9039111650792913
2020-04-14,3825.699,0.019301103015327836,0.9213576475931916
2020-04-15,3797.362,-0.007407012417861458,0.9145331400561773
2020-04-16,3802.381,0.0013217070166078315,0.9157418849243099
2020-04-17,3839.487,0.009758622294820052,0.9246782640988328
2020-04-20,3853.455,0.0036379860121937835,0.928042230689404
2020-04-21,3808.047,-0.011783710981443929,0.9171064492643854
2020-04-22,3839.383,0.008228890032081937,0.9246532173830952
2020-04-23,3829.753,-0.0025082155127528205,0.9223339878393382
2020-04-24,3796.972,-0.008559559846287756,0.9144392148721621
2020-04-27,3822.769,0.006794098033906959,0.9206520045440525
2020-04-28,3849.147,0.006900233835735348,0.9270047186567449
2020-04-29,3867.032,0.004646484013211216,0.9313120312621549
2020-04-30,3912.577,0.011777766514474264,0.9422808069184813
2020-05-06,3936.254,0.006051510296155138,0.9479830289234178
2020-05-07,3924.895,-0.002885738572764862,0.945247397730527
2020-05-08,3963.622,0.009867015550734548,0.9545741685032255
2020-05-11,3960.18,-0.000868397642358465,0.953745218545841
2020-05-12,3960.238,1.4645798928292209e-05,0.9537591869065407
2020-05-13,3968.253,0.0020238682624631466,0.9556894698549535
2020-05-14,3925.218,-0.010844822646136842,0.945325187049596
2020-05-15,3912.816,-0.0031595697359994013,0.9423383661979161
2020-05-18,3922.912,0.002580238886776165,0.9447698242948811
2020-05-19,3956.25,0.008498278829604189,0.9527987416915351
2020-05-20,3935.222,-0.005315134281200562,0.9477344884364857
2020-05-21,3913.795,-0.005444927884627582,0.9425741424931746
2020-05-22,3824.064,-0.022926852326194957,0.9209638843217438
2020-05-25,3829.325,0.0013757614935314688,0.9222309109707268
2020-05-26,3872.77,0.011345341541916687,0.9326939356362027
2020-05-27,3845.614,-0.007012035313225362,0.9261538528230905
2020-05-28,3856.632,0.002865082142929687,0.9288073596884194
2020-05-29,3867.023,0.0026943198106534894,0.9313098637579087
2020-06-01,3971.34,0.026976048500358063,0.9564329238115039
2020-06-02,3983.568,0.003079061475471878,0.9593778395810848
2020-06-03,3983.648,2.008249890539382e-05,0.959397106285498
2020-06-04,3982.185,-0.0003672513234102004,0.9590447664285388
2020-06-05,4001.251,0.004787823770116217,0.9636365037578508
2020-06-08,4021.955,0.00517438171211948,0.9686227268600262
2020-06-09,4047.029,0.006234281586939616,0.9746613936907809
2020-06-10,4039.705,-0.0018097226385084264,0.9728975269017385
2020-06-11,3995.885,-0.010847326723114614,0.9623441895593251
2020-06-12,4003.083,0.0018013531420448814,0.9640777112889164
2020-06-15,3954.988,-0.012014489831962072,0.9524948094294144
2020-06-16,4014.57,0.015065026745972432,0.9668441692088685
2020-06-17,4017.594,0.0007532562640581997,0.9675724506356932
2020-06-18,4044.384,0.0066681700540174305,0.9740243882761144
2020-06-19,4098.71,0.01343245349600819,0.9871079255756111
2020-06-22,4102.046,0.0008139146219177107,0.987911347149648
2020-06-23,4121.794,0.004814182971131897,0.9926673331340838
2020-06-24,4138.99,0.004171969778208107,0.9968087112477336
2020-06-29,4109.716,-0.007072739967963093,0.9897585424352779
2020-06-30,4163.964,0.013199938876554906,1.0028232946979716
2020-07-01,4247.784,0.020129857030464215,1.0230099842470608
2020-07-02,4335.845,0.020731044704721535,1.0442180499638631
2020-07-03,4419.596,0.01931595801971686,1.0643881219803957
2020-07-06,4670.095,0.056679162529787996,1.1247167493408983
2020-07-07,4698.126,0.00600223335927863,1.1314675617335317
2020-07-08,4774.004,0.01615069497923205,1.1497415492019853
2020-07-09,4840.771,0.013985534993267601,1.1658212998715634
2020-07-10,4753.133,-0.01810414084863754,1.1447151068543469
2020-07-13,4852.961,0.021002568200805705,1.1687570639565479
2020-07-14,4806.69,-0.009534591355669364,1.1576134429576703
2020-07-15,4744.469,-0.012944666704114427,1.1426285227663808
2020-07-16,4516.253,-0.048101484064918654,1.0876663950864123
2020-07-17,4544.701,0.006299027091706488,1.0945176351758004
2020-07-20,4680.305,0.02983782651487976,1.1271756624916525
2020-07-21,4691.043,0.0022942949230870813,1.1297617358915344
2020-07-22,4714.445,0.00498865604088472,1.13539772860005
2020-07-23,4712.436,-0.0004261371168822192,1.13491389348547
2020-07-24,4505.591,-0.043893434308709844,1.0850986250557233
2020-07-27,4528.45,0.005073474267859535,1.0906038450080333
2020-07-28,4568.258,0.008790645805960118,1.100190957124117
2020-07-29,4679.008,0.024243376797019822,1.126863301046351
2020-07-30,4656.151,-0.0048850098140460485,1.1213585627616511
2020-07-31,4695.046,0.008353466199872095,1.1307257936136177
2020-08-03,4771.311,0.016243717313951578,1.1490929837646708
2020-08-04,4775.802,0.000941250738004662,1.1501745683836753
2020-08-05,4777.109,0.0002736713121693768,1.1504893381670287
2020-08-06,4762.764,-0.0030028621913379405,1.1470345772319095
2020-08-07,4707.926,-0.011513902431445233,1.1338277330241673
2020-08-10,4724.87,0.0035990370281944184,1.137908421018915
2020-08-11,4681.784,-0.009118981051330577,1.127531855689494
2020-08-12,4647.645,-0.007291878480510716,1.1193100304149015
2020-08-13,4635.713,-0.0025673217296072748,1.11643640145165
2020-08-14,4704.629,0.014866321534573013,1.1330337039685319
2020-08-17,4815.226,0.02350812359486798,1.1596692003185751
2020-08-18,4812.756,-0.0005129561935409699,1.159074340819813
2020-08-19,4740.678,-0.014976450083902138,1.1417155218109933
2020-08-20,4679.154,-0.012977890504269562,1.1268984627819052
2020-08-21,4718.843,0.00848208885623336,1.136456915675174
2020-08-24,4755.849,0.007842176567434134,1.1453692114691802
2020-08-25,4761.951,0.0012830516696387129,1.1468387793483086
2020-08-26,4706.13,-0.01172229617650411,1.1333951955100872
2020-08-27,4731.345,0.005357905540221086,1.1394678199073707
2020-08-28,4844.265,0.02386636358160321,1.1666627731868167
2020-08-31,4816.215,-0.0057903520967577116,1.1599073849518853
2020-09-01,4842.122,0.005379120325816,1.166146666342344
2020-09-02,4843.887,0.0003645096096296374,1.1665717380084635
2020-09-03,4817.095,-0.0055310951721209145,1.1601193187004322
2020-09-04,4770.219,-0.009731176154923249,1.1488299932494288
2020-09-07,4669.368,-0.021141796634494114,1.1245416631645422
2020-09-08,4694.389,0.005358541027393748,1.130567565803623
2020-09-09,4584.589,-0.023389625359125588,1.1041240139962976
2020-09-10,4581.978,-0.0005695167004065027,1.1034951969310067
2020-09-11,4627.283,0.009887651141057496,1.114406172474093
2020-09-14,4651.051,0.005136491543741739,1.1201303103552998
2020-09-15,4688.483,0.008048073435444891,1.129145201350307
2020-09-16,4657.358,-0.006638607839678623,1.1216492491644874
2020-09-17,4632.714,-0.005291411997961126,1.1157141408699542
2020-09-18,4737.089,0.02252998997995559,1.1408511692842491
2020-09-21,4691.428,-0.0096390420361534,1.1298544569065234
2020-09-22,4635.761,-0.01186568354027806,1.116447961474298
2020-09-23,4652.327,0.003573523311490856,1.1204376142906927
2020-09-24,4563.066,-0.019186312570032227,1.0989405480076901
2020-09-25,4570.022,0.0015244136289065402,1.1006157879564311
2020-09-28,4581.909,0.0026010815702854906,1.1034785793984498
2020-09-29,4591.799,0.0021584889616970138,1.1058604257315505
2020-09-30,4587.395,-0.0009591012150138578,1.1047997936535956
2020-10-09,4681.141,0.020435563102806586,1.1273769995527714
2020-10-12,4823.158,0.030338116284042815,1.1615794940611586
2020-10-13,4839.201,0.003326243925660277,1.165443190797451
2020-10-14,4807.102,-0.0066331198063481756,1.1577126664853987
2020-10-15,4798.736,-0.001740341686113589,1.1556978508713724
2020-10-16,4791.676,-0.0014712207547986633,1.1539975642068943
2020-10-19,4755.488,-0.007552263550373639,1.1452822704655146
2020-10-20,4793.467,0.0079863517687353,1.154428897551948
2020-10-21,4792.828,-0.00013330643561315636,1.1542750047504466
2020-10-22,4777.985,-0.00309691897977582,1.1507003085803542
2020-10-23,4718.488,-0.012452320381918236,1.1363714196743395
2020-10-26,4691.236,-0.00577557895664893,1.1298082168159311
2020-10-27,4699.279,0.0017144735417278234,1.1317452431108888
2020-10-28,4737.272,0.00808485727278585,1.1408952418705947
2020-10-29,4772.92,0.007525005952793151,1.1494804853571843
2020-10-30,4695.334,-0.016255457874843948,1.1307951537495053
2020-11-02,4720.831,0.005430284618729964,1.1369356932798456
2020-11-03,4777.561,0.012016952100170508,1.1505981950469637
2020-11-04,4813.656,0.007555110233024909,1.159291091244463
2020-11-05,4885.112,0.01484443425122195,1.1765001116264686
2020-11-06,4885.718,0.00012405038001173097,1.1766460569123998
2020-11-09,4981.35,0.01957378628893447,1.1996774753681205
2020-11-10,4953.876,-0.005515372338823821,1.1930608074049651
2020-11-11,4904.898,-0.009886803787579668,1.181265249295501
2020-11-12,4908.463,0.0007268244925786593,1.182123821810921
2020-11-13,4856.851,-0.010514900489216328,1.169693907458647
2020-11-16,4904.172,0.009743144271874948,1.1810904039529497
2020-11-17,4894.786,-0.0019138806713956402,1.1788299378576532
2020-11-18,4891.672,-0.0006361871591527013,1.1780799813883633
2020-11-19,4927.989,0.007424250849198399,1.1868263426906096
2020-11-20,4943.288,0.0031045117998436123,1.1905108590758577
2020-11-23,5005.027,0.0124894604562793,1.2053796973730568
2020-11-24,4974.286,-0.006142024808257762,1.1979762253684212
2020-11-25,4910.7,-0.012782940104368756,1.1826625670330788
2020-11-26,4919.591,0.0018105361761053818,1.184803820394818
2020-11-27,4980.765,0.01243477354113387,1.1995365875920978
2020-11-30,4960.252,-0.004118443652732062,1.1945963637467092
2020-12-01,5067.098,0.02154043786485027,1.2203284924935713
2020-12-02,5067.145,9.2755261493771e-06,1.2203398116824142
2020-12-03,5057.06,-0.0019902726288669736,1.2179110027573061
2020-12-04,5065.916,0.0017512151329033276,1.2200438269358642
2020-12-07,5022.235,-0.00862252749552117,1.2095239654923688
2020-12-08,5009.879,-0.002460259227216488,1.2065482229957267
2020-12-09,4942.699,-0.01340950549903508,1.1903690079646145
2020-12-10,4940.525,-0.0004398406619541273,1.1898454352721817
2020-12-11,4889.629,-0.010301739187636882,1.1775879579244073
2020-12-14,4934.835,0.009245282208527605,1.1884750909207822
2020-12-15,4945.1,0.0020801100746024037,1.1909472499308205
2020-12-16,4953.867,0.0017728660694424914,1.1930586399007186
2020-12-17,5017.478,0.012840675779143718,1.2083783190811899
2020-12-18,4999.968,-0.0034898010514445854,1.2041613191527174
2020-12-21,5046.84,0.00937445999654396,1.2154496812685
2020-12-22,4964.773,-0.01626106633061475,1.1956851733798683
2020-12-23,5007.124,0.008530299371189765,1.2058847258624916
2020-12-24,5000.015,-0.0014197771015855842,1.2041726383415603
2020-12-25,5042.014,0.008399774800675663,1.2142874173247649
2020-12-28,5064.415,0.0044428674731962214,1.2196823353943085
2020-12-29,5042.936,-0.004241161121274706,1.2145094660931286
2020-12-30,5113.711,0.014034483086836858,1.231554478653816
2020-12-31,5211.289,0.019081641492841417,1.2550545596943914
2021-01-04,5267.718,0.010828223113321878,1.2686445704861542
2021-01-05,5368.505,0.019132952827011662,1.2929174872075102
2021-01-06,5417.668,0.009157670524661876,1.3047575995709304
2021-01-07,5513.657,0.017717770819474454,1.3278749956950957
2021-01-08,5495.431,-0.0033056100515502784,1.3234855587621237
2021-01-11,5441.158,-0.009876022463024103,1.310414785654301
2021-01-12,5596.353,0.028522421146380816,1.3477909880471772
2021-01-13,5577.971,-0.0032846391212277837,1.3433639810405993
2021-01-14,5470.456,-0.019274929898344673,1.3174707344780805
2021-01-15,5458.081,-0.0022621514550158484,1.3144904161391402
2021-01-18,5518.521,0.011073489015644755,1.3290464113234273
2021-01-19,5437.523,-0.014677483332943608,1.3095393547725191
2021-01-20,5476.434,0.0071560157078875974,1.3189104389653683
2021-01-21,5564.969,0.016166541950473512,1.3402326599058194
2021-01-22,5569.776,0.0008637963661612957,1.3413903480072566
2021-01-25,5625.923,0.01008065674454417,1.3549124436659625
2021-01-26,5512.968,-0.020077594378735686,1.3277090612033358
2021-01-27,5528.003,0.002727206107490554,1.33132999746402
2021-01-28,5377.143,-0.027290144379443992,1.2949978096165422
2021-01-29,5351.965,-0.0046824122029114346,1.2889340960700502
2021-02-01,5417.648,0.01227268862931652,1.3047527828948273
2021-02-02,5501.092,0.015402255739021653,1.3248489189331736
2021-02-03,5485.201,-0.0028886991891791114,1.3210218289352664
2021-02-04,5473.948,-0.0020515200810324874,1.3183117261257236
2021-02-05,5483.414,0.0017292820465228953,1.3205914589254333
2021-02-08,5564.562,0.014798809646690891,1.3401346405471166
2021-02-09,5686.25,0.02186838784436218,1.3694412246302659
2021-02-10,5807.719,0.021361881732248955,1.3986950661100839
2021-02-18,5768.381,-0.006773399332853369,1.3892211458824286
2021-02-19,5778.842,0.0018135071175082729,1.3917405083182794
2021-02-22,5597.333,-0.03140923389149586,1.3480270051762413
2021-02-23,5579.668,-0.0031559673151481116,1.343772676007968
2021-02-24,5437.568,-0.02546746508932063,1.309550192293752
2021-02-25,5469.558,0.005883144817683261,1.3172544657210412
2021-02-26,5336.761,-0.02427929276917795,1.285272458896293
2021-03-01,5418.784,0.015369434756399958,1.3050263700974973
2021-03-02,5349.63,-0.012761903777674055,1.2883717491349858
2021-03-03,5452.213,0.019175718694563804,1.3130772033704214
2021-03-04,5280.706,-0.03145640128146121,1.2717725199476626
2021-03-05,5262.796,-0.003391591957590534,1.2674591864971234
2021-03-08,5080.025,-0.03472887795764845,1.2234417510929645
2021-03-09,4970.999,-0.021461705404993037,1.1971846046508385
2021-03-10,5003.612,0.0065606531001112245,1.2050389175387466
2021-03-11,5128.216,0.02490281020990448,1.2350477729977627
2021-03-12,5146.379,0.003541777491431697,1.239422037401009
2021-03-15,5035.544,-0.021536501683999565,1.2127292226053359
2021-03-16,5079.362,0.008701741063130486,1.223282078280139
2021-03-17,5100.858,0.004232027565666652,1.2284590417560066
2021-03-18,5141.768,0.008020219343490842,1.2383115527253843
2021-03-19,5007.091,-0.026192741485030036,1.2058767783469222
2021-03-22,5057.152,0.009998020806891494,1.217933159467382
2021-03-23,5009.246,-0.009472920726922962,1.2063957751970567
2021-03-24,4928.685,-0.016082460314386537,1.1869939630190065
2021-03-25,4926.347,-0.0004743658805544948,1.186430893582526
2021-03-26,5037.99,0.022662431209169887,1.213318302092774
2021-03-29,5046.877,0.0017639971496570261,1.2154585921192924
2021-03-30,5094.729,0.0094815070785359,1.2269829713641387
2021-03-31,5048.361,-0.009101171033827349,1.21581598948616
2021-04-01,5110.777,0.012363616627257823,1.230847872269457
2021-04-02,5161.557,0.00993586689460324,1.2430774128958317
2021-04-06,5140.342,-0.004110193881419866,1.237968123719216
2021-04-07,5103.743,-0.007119954275415785,1.2291538472839127
2021-04-08,5112.209,0.0016587825836840153,1.2311927462784555
2021-04-09,5035.337,-0.015036943912112966,1.2126793700076661
2021-04-12,4947.746,-0.017395260734286544,1.1915844961792925
2021-04-13,4939.644,-0.0016375133242489959,1.1896332606898303
2021-04-14,4980.628,0.008296954193459882,1.1995035933607903
2021-04-15,4948.974,-0.006355423452624742,1.1918802400920374
2021-04-16,4966.181,0.003476882279033866,1.196024267377544
2021-04-19,5087.017,0.024331775261513977,1.2251256610586914
2021-04-20,5083.365,-0.0007179059948099198,1.2242461360022219
2021-04-21,5098.745,0.0030255549227726775,1.2279501599256888
2021-04-22,5089.244,-0.0018633997189504425,1.225661997942798
2021-04-23,5135.453,0.00907973757988434,1.2367906872457555
2021-04-26,5077.237,-0.011336098295515629,1.2227703064441593
2021-04-27,5090.52,0.002616186717303126,1.2259693018781912
2021-04-28,5119.242,0.005642252657881652,1.2328865304301948
2021-04-29,5164.169,0.008776103962266246,1.243706470794928
2021-04-30,5123.489,-0.007877356453671491,1.2339093516007384
2021-05-06,5061.124,-0.012172369258526716,1.218889751341505
2021-05-07,4996.053,-0.012857025435456637,1.2032184548054898
2021-05-10,4992.422,-0.0007267737151708253,1.2023439872589288
2021-05-11,5023.06,0.006136901087288038,1.2097226533816323
2021-05-12,5044.548,0.004277870461431688,1.2148976901870583
2021-05-13,4992.974,-0.010223710826024357,1.202476927519381
2021-05-14,5110.59,0.023556301314607175,1.2308028363478904
2021-05-17,5184.985,0.014557027662168043,1.2487196672832817
2021-05-18,5187.601,0.0005045337643214687,1.2493496885175983
2021-05-19,5172.272,-0.0029549304196678783,1.245657947118195
2021-05-20,5186.412,0.002733808276131011,1.2490633371232551
2021-05-21,5134.148,-0.01007710147207741,1.2364763991300125
2021-05-24,5155.588,0.00417596064624548,1.2416398759127907
2021-05-25,5318.478,0.031594844273824974,1.2808692944364266
2021-05-26,5320.593,0.00039767016052327797,1.2813786579343545
2021-05-27,5338.233,0.003315419916539497,1.2856269662574986
2021-05-28,5321.089,-0.003211549589536511,1.2814981115017172
2021-05-31,5331.57,0.001969709583883983,1.2840222906136713
2021-06-01,5341.68,0.0018962519483005646,1.2864571203839088
2021-06-02,5289.974,-0.009679726228452479,1.2740045676539493
2021-06-03,5255.286,-0.0065573101115431465,1.26565052462032
2021-06-04,5282.277,0.005135971667383998,1.2721508698555797
2021-06-07,5277.627,-0.00088030218786328,1.2710309926615537
2021-06-08,5232.117,-0.008623193719450084,1.2600706461884081
2021-06-09,5236.449,0.0008279631361454154,1.261113938232391
2021-06-10,5271.466,0.0066871652908298,1.2695472155879204
2021-06-11,5224.703,-0.008870966824029547,1.2582851043569008
2021-06-15,5166.56,-0.011128479456152807,1.244282304423082
2021-06-16,5080.491,-0.01665886005388506,1.2235539796461723
2021-06-17,5101.892,0.004212388133351563,1.228708063910549
2021-06-18,5102.466,0.00011250728161238399,1.2288463025147147
2021-06-21,5090.385,-0.002367678687128949,1.2259367893144935
2021-06-22,5122.158,0.006241767567679135,1.2335888018060615
2021-06-23,5147.394,0.004926829668276511,1.2396664837132532
2021-06-24,5155.974,0.0016668628824605403,1.241732837761585
2021-06-25,5239.968,0.01629061744686844,1.2619614323927735
2021-06-28,5251.76,0.0022503954222621303,1.2648013446233015
2021-06-29,5190.545,-0.011656092433774634,1.25005870324001
2021-06-30,5224.041,0.006453272247904707,1.2581256723778804
2021-07-01,5229.664,0.0010763698064391036,1.259479880864334
2021-07-02,5081.117,-0.02840469292099823,1.2237047416082072
2021-07-05,5085.792,0.0009200732830989544,1.2248306396473625
2021-07-06,5083.104,-0.0005285312494101024,1.2241832783790738
2021-07-07,5140.49,0.011289558505983566,1.2380037671223811
2021-07-08,5088.257,-0.010161093592245152,1.2254242949770986
2021-07-09,5069.436,-0.0036989090763300814,1.2208915619300524
2021-07-12,5132.709,0.012481270105787035,1.2361298392843776
2021-07-13,5142.099,0.0018294432822900664,1.2383912687148948
2021-07-14,5083.085,-0.011476636291911202,1.2241787025367754
2021-07-15,5151.463,0.013452067002617474,1.2406464364664775
2021-07-16,5094.773,-0.011004640817569578,1.2269935680515662
2021-07-19,5113.495,0.0036747466472009105,1.2315024585519008
2021-07-20,5108.994,-0.000880219888745426,1.2304184655948445
2021-07-21,5144.043,0.006860254680275624,1.238859449632139
2021-07-22,5151.752,0.0014986266638907786,1.2407160374361708
2021-07-23,5089.228,-0.012136453773396005,1.2256581446019157
2021-07-26,4925.299,-0.032210975810083586,1.1861784997547113
2021-07-27,4751.313,-0.03532496199723101,1.1442767893289436
2021-07-28,4760.483,0.0019299928251412801,1.1464852353223243
2021-07-29,4850.275,0.018861951612892947,1.16811018435587
2021-07-30,4811.17,-0.008062429449876451,1.1586923784048186
2021-08-02,4933.736,0.025475300186856842,1.1882104145689045
2021-08-03,4934.458,0.00014633940689168234,1.188384296576235
2021-08-04,4978.848,0.008995922145856872,1.1990749091875936
2021-08-05,4948.67,-0.006061241475939783,1.1918070266152672
2021-08-06,4921.565,-0.005477229235330006,1.1852792263262184
2021-08-09,4985.563,0.013003587273560546,1.2006921081892896
2021-08-10,5043.148,0.011550350481981608,1.2145605228598253
2021-08-11,5015.341,-0.005513817956562028,1.2078636572395494
2021-08-12,4973.351,-0.00837231207210054,1.197751045760591
2021-08-13,4945.983,-0.00550292951372211,1.1911599061807836
2021-08-16,4941.068,-0.0009937357245263234,1.1899762080283884
2021-08-17,4837.403,-0.020980281995714334,1.165010171615762
2021-08-18,4894.238,0.011749072797945459,1.1786979609324224
2021-08-19,4862.139,-0.006558528620798643,1.1709674366203702
2021-08-20,4769.268,-0.019100852526017897,1.1486009603007152
2021-08-23,4835.878,0.013966503874389025,1.1646429000628822
2021-08-24,4888.39,0.010858834734871481,1.1772895648398065
2021-08-25,4898.157,0.001997999341296408,1.1796417886148716
2021-08-26,4801.609,-0.019711087251796933,1.156389766393618
2021-08-27,4827.043,0.0052969744100361815,1.1625151333942327
2021-08-30,4813.27,-0.0028532996287787826,1.1591981293956692
2021-08-31,4805.61,-0.0015914336822993036,1.1573533424480906
2021-09-01,4869.459,0.013286346582431774,1.1727303400741917
2021-09-02,4869.411,-9.85735787073505e-06,1.1727187800515437
2021-09-03,4843.062,-0.00541112672559374,1.1663730501192011
2021-09-06,4933.726,0.018720388052021475,1.1882080062308524
2021-09-07,4992.829,0.011979384343597577,1.2024420066176316
2021-09-08,4972.132,-0.004145345254163546,1.1974574693520923
2021-09-09,4970.013,-0.0004261753308237859,1.1969471425189437
2021-09-10,5013.522,0.008754303057155077,1.2074255805479504
2021-09-13,4991.66,-0.004360607173958808,1.2021604718993917
2021-09-14,4917.162,-0.014924494056085424,1.1842188350820684
2021-09-15,4867.319,-0.010136538108770798,1.1722149557311348
2021-09-16,4807.698,-0.012249248508265032,1.157856203433279
2021-09-17,4855.94,0.010034324119360116,1.1694745078621405
2021-09-22,4821.768,-0.0070371544953190535,1.1612447350719775
2021-09-23,4853.196,0.006517941136944039,1.1688136599007628
2021-09-24,4849.428,-0.0007763955958094426,1.167906198122894
2021-09-27,4877.37,0.00576191666316106,1.1746355763068674
2021-09-28,4883.828,0.0013240742449311949,1.1761908810206352
2021-09-29,4833.928,-0.01021739504339636,1.164173274142807
2021-09-30,4866.383,0.006714001532501124,1.1719895352894987
2021-10-08,4929.941,0.01306062428707322,1.1872964502782963
2021-10-11,4936.192,0.0012679664929053924,1.1888019023943948
2021-10-12,4883.837,-0.010606354047816513,1.176193048524882
2021-10-13,4940.109,0.011522088063135483,1.1897452484092335
2021-10-14,4913.612,-0.0053636468345131805,1.183363875073726
2021-10-15,4932.108,0.0037642369808605913,1.1878183371340931
2021-10-18,4874.775,-0.01162444131393725,1.1740106125824594
2021-10-19,4922.723,0.009835941146001614,1.1855581118726017
2021-10-20,4910.185,-0.00254696435285906,1.1825385376234194
2021-10-21,4928.016,0.0036314314022789507,1.18683284520335
2021-10-22,4959.725,0.006434435277807626,1.1944694443313872
2021-10-25,4979.524,0.0039919551991289826,1.1992377128398866
2021-10-26,4963.098,-0.003298708872574996,1.1952817767562152
2021-10-27,4898.164,-0.01308336043334224,1.1796434744515079
2021-10-28,4864.138,-0.00694668451280922,1.1714488633968991
2021-10-29,4908.77,0.009175726511049032,1.1821977577891083
2021-11-01,4890.685,-0.003684222320459063,1.177842278422665
2021-11-02,4839.846,-0.010395067357640286,1.165598528601785
2021-11-03,4821.112,-0.0038707843183438673,1.1610867480957885
2021-11-04,4868.742,0.009879463493069673,1.1725576622358878
2021-11-05,4842.346,-0.005421523670796402,1.1662006131147022
2021-11-08,4848.18,0.0012047879271743778,1.1676056375340462
2021-11-09,4846.744,-0.0002961936231742346,1.1672598001898264
2021-11-10,4821.193,-0.0052717865849731815,1.1611062556340073
2021-11-11,4898.653,0.016066562778134008,1.1797612421822352
2021-11-12,4888.375,-0.002098127791456239,1.1772859523327297
2021-11-15,4882.378,-0.001226788043061422,1.1758416720031437
2021-11-16,4883.321,0.00019314358699795697,1.176068778281416
2021-11-17,4885.754,0.0004982265142923215,1.1766547269293872
2021-11-18,4837.619,-0.009852112898029675,1.1650621917176787
2021-11-19,4890.058,0.01083983670479216,1.1776912756268256
2021-11-22,4912.399,0.004568657467866499,1.1830717436680593
2021-11-23,4913.346,0.00019277750036161834,1.1832998132815522
2021-11-24,4916.658,0.0006740823870332591,1.184097454844265
2021-11-25,4896.442,-0.004111736061365279,1.179228758639011
2021-11-26,4860.127,-0.007416609856708112,1.1704828790043753
2021-11-29,4851.423,-0.0017908997028268647,1.1683866615642025
2021-11-30,4832.026,-0.0039982083607221774,1.16371520824538
2021-12-01,4843.851,0.0024472136532378563,1.1665630679914787
2021-12-02,4856.163,0.0025417792578672493,1.1695282138006935
2021-12-03,4901.018,0.009236716312858606,1.1803308141314548
2021-12-06,4892.621,-0.0017133175189317784,1.1783085326694684
2021-12-07,4922.102,0.006025604681008323,1.1854085540795936
2021-12-08,4995.93,0.014999282826727356,1.2031888322474553
2021-12-09,5078.69,0.016565484304223554,1.2231202379630677
2021-12-10,5055.117,-0.0046415512661728275,1.2174430626738686
2021-12-13,5083.801,0.005674250467397668,1.2243511395412758
2021-12-14,5049.695,-0.006708759843274903,1.2161372617822535
2021-12-15,5005.899,-0.008672999062319442,1.2055897044511643
2021-12-16,5034.732,0.005759804582553318,1.2125336655555412
2021-12-17,4954.76,-0.015884062945157762,1.193273704488734
2021-12-20,4880.418,-0.0150041576181289,1.1753696377450165
2021-12-21,4913.485,0.006775444234489836,1.1833332891804704
2021-12-22,4914.454,0.00019721236556136112,1.1835666571376773
2021-12-23,4948.739,0.006976359937441723,1.1918236441478245
2021-12-24,4921.345,-0.005535551581928089,1.1852262428890827
2021-12-27,4919.324,-0.0004106600939378646,1.1847395177688402
2021-12-28,4955.964,0.007448177839068926,1.1935636683901554
2021-12-29,4883.48,-0.01462561067836654,1.176107070856438
2021-12-30,4921.511,0.007787684192420263,1.1852662213007406
2021-12-31,4940.373,0.0038325628043907045,1.1898088285337984
2022-01-04,4917.765,-0.004576172689794711,1.1843640578665855
2022-01-05,4868.12,-0.010095033007880727,1.1724078636090747
2022-01-06,4818.232,-0.010247898572754988,1.1603931467369084
2022-01-07,4822.369,0.0008586136989667814,1.1613894761888839
2022-01-10,4844.045,0.004494886227080608,1.1666097897496817
2022-01-11,4797.774,-0.009552140824455546,1.1554661687508043
2022-01-12,4845.579,0.009963995803053516,1.1669792288068077
2022-01-13,4765.919,-0.016439727842637586,1.1477944078872127
2022-01-14,4726.732,-0.008222338650740846,1.1383568535641375
2022-01-17,4767.276,0.008577596529695253,1.1481212193608241
2022-01-18,4813.347,0.00966400938397527,1.1592166735986682
2022-01-19,4780.378,-0.006849495787442761,1.1512766238761207
2022-01-20,4823.509,0.009022508261899098,1.1616640267267744
2022-01-21,4779.314,-0.009162416821446695,1.1510203767074234
2022-01-24,4786.738,0.0015533610053659608,1.1528083268769824
2022-01-25,4678.451,-0.022622295183066243,1.1267291566168747
2022-01-26,4712.311,0.007237438203371083,1.1348837892598258
2022-01-27,4619.877,-0.019615428608171115,1.112622557313029
2022-01-28,4563.772,-0.012144262715219623,1.09911057667414
2022-02-07,4634.09,0.015407868754179654,1.1160455281858659
2022-02-08,4608.773,-0.005463208526377383,1.1099483387404556
2022-02-09,4652.061,0.009392521610415594,1.1203735524985203
2022-02-10,4639.863,-0.002622063640180028,1.1174358617430946
2022-02-11,4601.395,-0.0082907620332755,1.1081714669259344
2022-02-14,4551.688,-0.010802593561300533,1.0962003409725034
2022-02-15,4600.103,0.01063671323693538,1.1078603096496586
2022-02-16,4617.989,0.0038881738082821027,1.1121678630888738
2022-02-17,4629.165,0.002420101043982603,1.114859421695419
2022-02-18,4651.236,0.004767814497862899,1.1201748646092575
2022-02-21,4634.314,-0.0036381727351610937,1.1160994749582234
2022-02-22,4574.153,-0.012981640864214272,1.1016106724055776
2022-02-23,4623.047,0.010689192075560072,1.1133860004754077
2022-02-24,4529.319,-0.02027407465249631,1.090813129584725
2022-02-25,4573.425,0.009737887748688001,1.101435345395416
2022-02-28,4581.646,0.0017975587224015044,1.1034152401076929
2022-03-01,4619.686,0.008302692962310898,1.1125765580562417
2022-03-02,4578.601,-0.00889346159024662,1.1026819011709597
2022-03-03,4551.628,-0.005891100796946436,1.096185890944193
2022-03-04,4496.43,-0.012127089472162345,1.0828923465665907
2022-03-07,4352.778,-0.03194801208959108,1.0482960887867556
2022-03-08,4265.391,-0.020076144476010582,1.027250345054636
2022-03-09,4226.346,-0.009153908750686668,1.0178469891318944
2022-03-10,4292.837,0.015732502734040477,1.033860269671247
2022-03-11,4306.522,0.0031878685354229663,1.0371560802949558
2022-03-14,4174.758,-0.03059638381041596,1.0054228547909447
2022-03-15,3983.812,-0.04573822003574812,0.9594366030295465
2022-03-16,4156.081,0.04324225139138105,1.0009248018118428
2022-03-17,4237.696,0.01963749022215877,1.020580452820539
2022-03-18,4265.902,0.006655975322439334,1.0273734111290767
2022-03-21,4258.746,-0.0016774881373271544,1.0256500044193022
2022-03-22,4255.295,-0.0008103324311898863,1.024818886957671
2022-03-23,4276.517,0.004987198302350393,1.029929861970923
2022-03-24,4251.306,-0.005895218001004121,1.0238582009088604
2022-03-25,4174.574,-0.018049041870898064,1.005378541370794
2022-03-28,4148.466,-0.006254051311582742,0.9990908523854969
2022-03-29,4134.144,-0.0034523604628795557,0.9956416306278966
2022-03-30,4254.099,0.029015680150473733,1.0245308497266916
2022-03-31,4222.597,-0.00740509329942729,1.016944103196324
2022-04-01,4276.158,0.012684374094899642,1.0298434026348684
2022-04-06,4263.841,-0.002880389358859037,1.0268770526566278
2022-04-07,4209.1,-0.012838424322107689,1.0136935693279867
2022-04-08,4230.767,0.005147656268560841,1.0189117153845377
2022-04-11,4100.07,-0.030892034470345497,0.9874354595506397
2022-04-12,4179.973,0.019488203859934217,1.0066788030848903
2022-04-13,4139.737,-0.009625899497436863,0.9969886141001951
2022-04-14,4191.568,0.012520360592955582,1.0094712710558007
2022-04-15,4188.747,-0.000673017830081668,1.008791878891425
2022-04-18,4166.384,-0.005338828055263423,1.0034061125064775
2022-04-19,4134.902,-0.007556192612106827,0.9958241826522132
2022-04-20,4070.789,-0.015505325156436545,0.980383604901548
2022-04-21,3995.83,-0.01841387504977543,0.9623309437000425
2022-04-22,4013.25,0.00435954482548051,0.9665262685860497
2022-04-25,3814.913,-0.049420544446520887,0.9187600141706629
2022-04-26,3784.12,-0.008071743706868362,0.9113440188081585
2022-04-27,3895.536,0.02944304091836414,0.9381767580446335
2022-04-28,3921.107,0.0065641801282287915,0.9443351192765562
2022-04-29,4016.241,0.02426202600439109,0.9672466024973038
2022-05-05,4010.21,-0.0015016529137569234,0.9657941338183422
2022-05-06,3908.815,-0.025284212048745536,0.9413747901434447
2022-05-09,3877.436,-0.00802775265649558,0.9338176661711127
2022-05-10,3919.868,0.010943314086937717,0.9440367261919543
2022-05-11,3976.423,0.014427781751834567,0.9576570820431682
2022-05-12,3958.74,-0.004446961502838076,0.953398417866402
2022-05-13,3988.6,0.007542804023502381,0.9605897152886855
2022-05-16,3956.538,-0.008038409466980867,0.9528681018274245
2022-05-17,4005.893,0.012474289391382065,0.9647544542814368
2022-05-18,3991.907,-0.0034913563592436914,0.9613861526823726
2022-05-19,3999.598,0.0019266480907496053,0.9632384054779112
2022-05-20,4077.6,0.01950245999722977,0.9820239239485395
2022-05-23,4053.982,-0.0057921326270354845,0.9763359111381078
2022-05-24,3959.154,-0.023391322408436888,0.9534981230617413
2022-05-25,3983.178,0.006067963004217525,0.9592839143970708
2022-05-26,3993.045,0.0024771677288839555,0.9616602215526527
2022-05-27,4001.299,0.0020670941599705284,0.9636480637805002
2022-05-30,4029.018,0.006927500294279465,0.9703237360259214
2022-05-31,4091.518,0.015512464823934868,0.9853758488488525
2022-06-01,4083.177,-0.002038607675684201,0.9833670540799554
2022-06-02,4089.568,0.001565202782049413,0.984906222928777
2022-06-06,4166.085,0.018710289204140862,1.0033341031987324
2022-06-07,4179.129,0.0031309970871933324,1.0064755393533293
2022-06-08,4219.812,0.009734803591848973,1.0162733810489342
2022-06-09,4175.675,-0.01045947070627784,1.0056436993902829
2022-06-10,4238.994,0.015163775916468447,1.0208930550996456
2022-06-13,4189.353,-0.011710561515302809,1.0089378241773557
2022-06-14,4222.311,0.00786708591994989,1.0168752247280461
2022-06-15,4278.218,0.013240853172587386,1.030339520273512
2022-06-16,4250.061,-0.00658147855018143,1.0235583628214275
2022-06-17,4309.044,0.013878153748852151,1.0377634631515866
2022-06-20,4330.433,0.004963746018838533,1.0429146574103014
2022-06-21,4325.566,-0.0011239060851421234,1.041742519280554
2022-06-22,4270.623,-0.01270192155200045,1.028510387523269
2022-06-23,4343.878,0.0171532350198087,1.0461526679207702
2022-06-24,4394.772,0.011716259066207657,1.0584096636009344
2022-06-27,4444.264,0.011261562602109976,1.0703290102862544
2022-06-28,4490.517,0.010407347538309963,1.0814682962766389
2022-06-29,4421.357,-0.015401344655860294,1.0648122303112963
2022-06-30,4485.011,0.014396937410844801,1.08014226534539
2022-07-01,4466.718,-0.004078696796953385,1.0757366925474718
2022-07-04,4496.03,0.006562312642078627,1.082796013044524
2022-07-05,4489.538,-0.001443940543101374,1.0812325199813806
2022-07-06,4423.97,-0.014604620787261213,1.0654415290441976
2022-07-07,4443.474,0.00440870982398156,1.0701387515801728
2022-07-08,4428.781,-0.003306647006373842,1.0666001804808556
2022-07-11,4354.617,-0.016745917217401263,1.048738982154458
2022-07-12,4313.618,-0.009415064516580807,1.0388650369764205
2022-07-13,4321.462,0.001818427130079625,1.0407541373441496
2022-07-14,4322.074,0.00014161873921358925,1.0409015276329117
2022-07-15,4248.527,-0.0170165989753992,1.023188923764302
2022-07-18,4292.586,0.010370417794214326,1.0337998203861503
2022-07-19,4269.34,-0.005415383640537397,1.0282013977512405
2022-07-20,4283.803,0.0033876430548982484,1.031684577075369
2022-07-21,4236.058,-0.011145470508331035,1.0201859670476756
2022-07-22,4238.234,0.0005136851289573308,1.020710021407719
2022-07-25,4212.644,-0.0060378921975521305,1.014547084333498
2022-07-26,4245.976,0.007912370473270425,1.022574556727321
2022-07-27,4225.036,-0.004931728299924387,1.0175314968471263
2022-07-28,4225.673,0.0001507679461192346,1.0176849079810175
2022-07-29,4170.102,-0.013150804617394707,1.0043015325940878
2022-08-01,4188.678,0.0044545672983538065,1.008775261358868
2022-08-02,4107.024,-0.019493978768480025,0.9891102178317704
2022-08-03,4066.975,-0.009751343064954177,0.9794650647686413
2022-08-04,4101.537,0.008498208127662554,0.9877887627428197
2022-08-05,4156.911,0.013500792507784132,1.0011246938701313
2022-08-08,4148.075,-0.00212561683423107,0.9989966863676765
2022-08-09,4156.291,0.0019806777842734657,1.0009753769109277
2022-08-10,4109.737,-0.0112008519134007,0.989763599945188
2022-08-11,4193.543,0.020392059151230324,1.009946917821005
2022-08-12,4191.152,-0.000570162270900676,1.009371084192851
2022-08-15,4185.679,-0.0013058462208004329,1.0080530007771724
2022-08-16,4177.837,-0.001873531152293273,1.0061643820770536
2022-08-17,4216.959,0.00936417576846571,1.0155862822027928
2022-08-18,4180.1,-0.008740658849184846,1.0067093889781462
2022-08-19,4151.074,-0.006943853017870594,0.9997189469493717
2022-08-22,4181.397,0.007304856526286985,1.0070217504234475
2022-08-23,4161.082,-0.0048584241104108195,1.0021292116714822
2022-08-24,4082.42,-0.018904217701069204,0.9831847428894436
2022-08-25,4116.24,0.008284301958152218,0.991329742180188
2022-08-26,4107.546,-0.002112121742172346,0.9892359330780671
2022-08-29,4089.521,-0.004388264915353379,0.9848949037399338
2022-08-30,4075.794,-0.0033566278300075636,0.9815889780964078
2022-08-31,4078.84,0.0007473390460852603,0.9823225578669461
2022-09-01,4043.74,-0.008605387806337239,0.9738692913055879
2022-09-02,4023.613,-0.004977322973287124,0.9690220293089937
2022-09-05,4015.426,-0.0020347384303609495,0.9670503229460924
2022-09-06,4052.28,0.009178104639457896,0.9759260120017131
2022-09-07,4054.983,0.0006670318931565333,0.9765769857770793
2022-09-08,4037.684,-0.00426610913042047,0.9724108017814972
2022-09-09,4093.787,0.013894846649712855,0.9859223007527754
2022-09-13,4111.115,0.004232755636773389,0.9900954689287074
2022-09-14,4065.359,-0.011129827309622753,0.9790758773394909
2022-09-15,4027.119,-0.009406303354759005,0.9698663926299088
2022-09-16,3932.683,-0.023450014762414595,0.9471230114051676
2022-09-19,3928.0,-0.001190790104363848,0.945995186695571
2022-09-20,3932.836,0.001231160896130401,0.9471598589773582
2022-09-21,3903.735,-0.00739949491918801,0.9401513544131964
2022-09-22,3869.344,-0.00880976808108136,0.9318688390197016
2022-09-23,3856.021,-0.003443219315728885,0.9286602102334631
2022-09-26,3836.677,-0.005016570189840808,0.9240015211063146
2022-09-27,3892.295,0.014496398836805868,0.9373962156820871
2022-09-28,3828.71,-0.016336120463633974,0.92208279818055
2022-09-29,3827.143,-0.00040927623141995273,0.9217054116078535
2022-09-30,3804.885,-0.00581582658395563,0.9163449327724488
2022-10-10,3720.937,-0.022063216102457872,0.896127416496298
2022-10-11,3727.687,0.0018140592006798961,0.8977530446811747
2022-10-12,3784.306,0.01518877523783524,0.9113888138959193
2022-10-13,3752.673,-0.008358996339091096,0.9037705181370748
2022-10-14,3842.47,0.02392881021074844,0.9253966713396466
2022-10-17,3846.412,0.0010259026095194024,0.9263460381996146
2022-10-18,3838.267,-0.0021175578695158404,0.9243844468565302
2022-10-19,3776.534,-0.01608356062775196,0.9095170535621623
2022-10-20,3754.927,-0.005721383681439152,0.9043133575339211
2022-10-21,3742.893,-0.003204855913310767,0.9014151635225426
2022-10-24,3633.373,-0.029260788379470104,0.875039045180664
2022-10-25,3627.454,-0.0016290647836045835,0.8736135498878812
2022-10-26,3656.903,0.00811836621498152,0.880705864616241
2022-10-27,3631.145,-0.007043665090378348,0.8745024674627521
2022-10-28,3541.33,-0.024734622274792173,0.8528719792516871
2022-10-31,3508.703,-0.009213205208212671,0.8450142946905068
2022-11-01,3634.173,0.03575965249837321,0.8752317122247972
2022-11-02,3677.805,0.012006032734269922,0.8857397728118392
2022-11-03,3647.897,-0.008132024400423599,0.8785369153669077
2022-11-04,3767.175,0.03269774338475018,0.9072630899796048
2022-11-07,3775.297,0.002155992222288461,0.9092191421451702
2022-11-08,3749.325,-0.006879458755165491,0.9029642065573755
2022-11-09,3714.27,-0.009349682942929705,0.8945217775172499
2022-11-10,3685.689,-0.007694917170803395,0.8876385065317749
2022-11-11,3788.439,0.027878098233464543,0.9123841800126735
2022-11-14,3794.017,0.0014723742417390717,0.9137275509778944
2022-11-15,3865.973,0.018965650391129074,0.9310569882624837
2022-11-16,3834.39,-0.008169482818426332,0.9234507341938976
2022-11-17,3818.664,-0.0041013042491764296,0.919663381773843
2022-11-18,3801.569,-0.004476696561939053,0.9155463278745147
2022-11-21,3769.127,-0.008533844841432603,0.9077331975672902
2022-11-22,3769.573,0.00011832978830383922,0.9078406094443947
2022-11-23,3773.529,0.0010494557341109712,0.9087933479776349
2022-11-24,3756.808,-0.004431130647200576,0.9047663659214392
2022-11-25,3775.776,0.005048967101858759,0.9093345015378449
2022-11-28,3733.242,-0.011264969108336853,0.8990908764688762
2022-11-29,3848.422,0.03085254049965136,0.9268301141479992
2022-11-30,3853.037,0.0011991928120147488,0.9279415621588443
2022-12-01,3894.769,0.010830936738993158,0.9379920385160692
2022-12-02,3870.948,-0.006116152203121672,0.9322551364431885
2022-12-05,3946.876,0.01961483336898362,0.9505411656019007
2022-12-06,3968.198,0.0054022472456696224,0.9556762239956692
2022-12-07,3958.441,-0.0024587986788965344,0.9533264085586558
2022-12-08,3959.18,0.00018668965888335443,0.9535043847406741
2022-12-09,3998.244,0.009866689567031628,0.9629123165057139
2022-12-12,3953.443,-0.011205169069221421,0.9521227212004317
2022-12-13,3945.681,-0.0019633519441155656,0.9502533692047263
2022-12-14,3954.886,0.0023329306145123407,0.9524702443812875
2022-12-15,3951.989,-0.0007325116324465863,0.9517725488477189
2022-12-16,3954.227,0.0005662971227904379,0.9523115349036823
2022-12-19,3893.221,-0.015428046998819167,0.9376192277856706
2022-12-20,3829.017,-0.016491229241802685,0.9221567341587351
2022-12-21,3830.538,0.00039722988955137595,0.922523042376394
2022-12-22,3836.028,0.0014332190412937873,0.9238452199667602
2022-12-23,3828.219,-0.0020356994265943174,0.9219645487822119
2022-12-26,3843.489,0.003988800013792204,0.9256420809871103
2022-12-27,3887.854,0.011542897612039527,0.9363266727533397
2022-12-28,3871.264,-0.004267135545727663,0.9323312399256211
2022-12-29,3856.701,-0.0037618204286765655,0.9288239772209755
2022-12-30,3871.634,0.0038719620732849958,0.9324203484335328
2023-01-03,3887.899,0.0042010685927440505,0.9363375102745725
2023-01-04,3892.948,0.0012986448464840095,0.9375534801568602
2023-01-05,3968.578,0.019427436482583493,0.9557677408416327
2023-01-06,3980.889,0.003102118693395939,0.9587326458170424
2023-01-09,4013.12,0.00809643273148275,0.9664949601913766
2023-01-10,4017.474,0.0010849413922335849,0.9675435505790734
2023-01-11,4010.031,-0.0018526566693400914,0.9657510245672161
2023-01-12,4017.869,0.001954598355972781,0.9676386799321142
2023-01-13,4074.377,0.014064171828399585,0.9812477165944852
2023-01-16,4137.964,0.015606557763309548,0.9965616157636326
2023-01-17,4137.242,-0.00017448194329383604,0.9963877337563021
2023-01-18,4130.314,-0.0016745455064025583,0.9947192371541058
2023-01-19,4156.008,0.006220834541877274,1.000907220944064
2023-01-20,4181.527,0.006140267294961976,1.0070530588181181
2023-01-30,4201.345,0.004739416964185672,1.0118259031689159
2023-01-31,4156.858,-0.010588751935392104,1.001111929678456
2023-02-01,4195.933,0.009400128654863726,1.0105225106153524
2023-02-02,4181.149,-0.003523411837128898,1.006962023639765
2023-02-03,4141.632,-0.009451229793532967,0.9974449941609845
2023-02-06,4086.878,-0.013220392347750742,0.9842583799928764
2023-02-07,4094.234,0.0017999069216159125,0.986029953463684
2023-02-08,4076.141,-0.004419141651405334,0.9816725474267994
2023-02-09,4130.857,0.01342348068921062,0.9948500099103113
2023-02-10,4106.31,-0.005942350461417445,0.9889382624948796
2023-02-13,4143.574,0.009074814127525421,0.9979126934106186
2023-02-14,4145.29,0.00041413523687539033,0.9983259642202852
2023-02-15,4123.689,-0.005210974382974354,0.9931237131948751
2023-02-16,4093.488,-0.007323782176590021,0.9858502914450296
2023-02-17,4034.507,-0.0144084946627423,0.9716456727824809
2023-02-20,4133.49,0.02453410044895188,0.9954841253193157
2023-02-21,4144.354,0.002628287476200697,0.9981005437786491
2023-02-22,4106.951,-0.009025049501080296,0.9890926369639916
2023-02-23,4103.646,-0.0008047332437129961,0.9882966812379149
2023-02-24,4061.046,-0.010381012397268186,0.9780371611378051
2023-02-27,4043.844,-0.00423585450644981,0.9738943380213242
2023-02-28,4069.459,0.006334319523700671,0.9800632959406742
2023-03-01,4126.942,0.014125464834514823,0.9939071455630829
2023-03-02,4117.738,-0.002230222765427725,0.9916905112203268
2023-03-03,4130.551,0.003111659848198167,0.9947763147659302
2023-03-06,4109.01,-0.005215042738850095,0.9895885137688301
2023-03-07,4048.852,-0.01464050951445739,0.9751004337175998
2023-03-08,4034.108,-0.0036415260424436102,0.9715495800942191
2023-03-09,4019.851,-0.0035341146047651595,0.9681160125339546
2023-03-10,3967.135,-0.013113918898984056,0.9554202176607766
2023-03-13,4008.686,0.010473805403647729,0.9654271030992663
2023-03-14,3984.696,-0.0059845046481565856,0.9596495001133124
2023-03-15,3986.902,0.0005536181430152443,0.9601807794875107
2023-03-16,3939.151,-0.011976968583627179,0.9486807244569861
2023-03-17,3958.819,0.004992954065482724,0.9534174437370088
2023-03-20,3939.077,-0.004986840772462586,0.948662902755404
2023-03-21,3982.378,0.010992676710813276,0.9590912473529358
2023-03-22,3999.443,0.0042851281319855605,0.963201076238109
2023-03-23,4039.09,0.009913130403408577,0.9727494141115609
2023-03-24,4027.046,-0.0029818597753454856,0.9698488117621308
2023-03-27,4012.477,-0.003617788324245641,0.9663401040546542
2023-03-28,3999.515,-0.0032304235014929406,0.9632184162720809
2023-03-29,4006.144,0.0016574509659295078,0.9648149035665322
2023-03-30,4038.526,0.008083084382388694,0.9726135838454467
2023-03-31,4050.926,0.0030704271806099026,0.9755999230295161
2023-04-03,4090.568,0.00978591067820056,0.9851470567339423
2023-04-04,4103.105,0.0030648555408441247,0.9881663901493196
2023-04-06,4096.64,-0.001575636012239312,0.9866093995989158
2023-04-07,4123.28,0.006502890173410325,0.9930252121685619
2023-04-10,4104.812,-0.004478958499058994,0.9885774934547397
2023-04-11,4100.148,-0.0011362274325839028,0.9874542445874414
2023-04-12,4097.288,-0.0006975357962689666,0.9867654599046639
2023-04-13,4068.979,-0.006909204332231411,0.9799476957141943
2023-04-14,4091.999,0.0056574388808592335,0.9854916899091362
2023-04-17,4149.384,0.014023708216937436,0.9993119378186385
2023-04-18,4162.032,0.003048163293635886,1.0023580037863893
2023-04-19,4124.559,-0.009003534811841907,0.9933332386053702
2023-04-20,4113.019,-0.00279787487583516,0.9905540164937442
2023-04-21,4032.567,-0.01956032782732109,0.971178455200457
2023-04-24,3982.643,-0.012380203478330354,0.9591550683113048
2023-04-25,3962.666,-0.0050160157463272625,0.9543439313854857
2023-04-26,3959.232,-0.0008665883019159937,0.9535169080985425
2023-04-27,3988.419,0.007371884244216975,0.9605461243699487
2023-04-28,4029.086,0.010196270752897307,0.9703401127246708
2023-05-04,4030.247,0.0002881546832209647,0.9706197207724696
2023-05-05,4016.877,-0.0033174145405976407,0.9673997727973882
2023-05-08,4062.662,0.011398158320506058,0.9784263485669544
2023-05-09,4027.875,-0.008562612395517921,0.9700484629866137
2023-05-10,3996.87,-0.007697607299134157,0.9625814108574141
2023-05-11,3990.664,-0.0015527149994870593,0.9610867962625483
2023-05-12,3937.762,-0.013256440532202207,0.9483462063016092
2023-05-15,3998.887,0.015522776643179581,0.9630671726424357
2023-05-16,3978.205,-0.00517193909205238,0.9580862478839739
2023-05-17,3960.165,-0.004534708492900719,0.953741606038763
2023-05-18,3956.07,-0.0010340478237648165,0.9527553916066047
2023-05-19,3944.54,-0.0029145085905962764,0.9499785778330303
2023-05-22,3969.328,0.006284129454892096,0.9559483661955074
2023-05-23,3913.188,-0.014143451989858224,0.9424279563734378
2023-05-24,3859.094,-0.013823511673857758,0.9294002925167396
2023-05-25,3850.5,-0.002226947568522597,0.9273305667951353
2023-05-26,3850.951,0.00011712764576032875,0.9274391828412656
2023-05-29,3833.942,-0.004416831063288051,0.9233428406491818
2023-05-30,3837.753,0.0009940160805772535,0.9242606582806729
2023-05-31,3798.543,-0.01021691599224861,0.9148175647800789
2023-06-01,3806.868,0.0021916297906854343,0.9168225062080932
2023-06-02,3861.834,0.014438640898502442,0.9300601771428969
2023-06-05,3844.249,-0.004553535962446897,0.9258251146790369
2023-06-06,3808.163,-0.00938700901008227,0.9171343859857843
2023-06-07,3789.342,-0.004942277943459805,0.9126016529387383
2023-06-08,3820.187,0.008139935640541163,0.9200301716591112
2023-06-09,3836.703,0.004323348569062135,0.9240077827852475
2023-06-12,3844.432,0.0020144900452288006,0.9258691872653824
2023-06-13,3864.907,0.005325884291879968,0.9308002594261747
2023-06-14,3864.025,-0.0002282073022714659,0.9305878440100175
2023-06-15,3925.499,0.015909317356901154,0.9453928613488473
2023-06-16,3963.351,0.009642595756615968,0.9545089025420247
2023-06-19,3930.908,-0.00818574988690135,0.9466955314009949
2023-06-20,3924.238,-0.0016968089815381227,0.9450891699205317
2023-06-21,3864.032,-0.015342086794939425,0.9305895298466537
2023-06-26,3809.696,-0.014061995345794331,0.917503584209105
2023-06-27,3845.433,0.009380538499659918,0.9261102619043545
2023-06-28,3840.799,-0.0012050658534422665,0.9249942380512111
2023-06-29,3821.844,-0.004935171041233866,0.9204292332742725
2023-06-30,3842.452,0.005392161480165081,0.9253923363311519
2023-07-03,3892.882,0.01312443200331459,0.9375375851257185
2023-07-04,3899.013,0.0015749257234101144,0.9390141371851968
2023-07-05,3868.805,-0.007747601764856893,0.9317390295987151
2023-07-06,3842.755,-0.006733345309468897,0.9254653089741175
2023-07-07,3825.699,-0.004438482286796885,0.9213576475931908
2023-07-10,3844.327,0.004869175541515558,0.9258438997158399
2023-07-11,3869.486,0.006544448482139975,0.9319030374200338
2023-07-12,3843.437,-0.006731901859833522,0.9256295576292414
2023-07-13,3898.423,0.014306465801312784,0.9388720452401484
2023-07-14,3899.103,0.00017442950649537714,0.939035812227662
2023-07-17,3867.175,-0.008188550033174313,0.9313464704962933
2023-07-18,3854.939,-0.003164066792943232,0.9283996280562711
2023-07-19,3850.866,-0.0010565666538432383,0.9274187119678263
2023-07-20,3823.695,-0.00705581549708556,0.9208750166476366
2023-07-21,3821.91,-0.00046682593669222783,0.9204451283054136
2023-07-24,3805.221,-0.004366664835121714,0.9164258529309832
2023-07-25,3915.115,0.02887979436673982,0.9428920431159942
2023-07-26,3907.013,-0.0020694155854936724,0.940940807626532
2023-07-27,3902.346,-0.001194518677055778,0.9398168362578181
2023-07-28,3992.738,0.023163502159982752,0.9615862855744642
2023-07-31,4014.63,0.005482954303538179,0.9668586192371781
2023-08-01,3998.001,-0.004142100268268778,0.9628537938910577
2023-08-02,3969.895,-0.007030013249121336,0.9560849189630368
2023-08-03,4004.984,0.00883877281389056,0.9645355363525381
2023-08-04,4020.579,0.003893898202839363,0.968291339544116
2023-08-07,3990.153,-0.007567566760906974,0.9609637301881078
2023-08-08,3979.732,-0.0026116793015205086,0.9584540011044635
2023-08-09,3967.565,-0.0030572410403514327,0.9555237761969979
2023-08-10,3975.717,0.0020546607301958897,0.9574870533767184
2023-08-11,3884.254,-0.02300541009332413,0.9354596710547384
2023-08-14,3855.906,-0.007298183898375332,0.9286325143458672
2023-08-15,3846.536,-0.002430038491602171,0.9263759015914534
2023-08-16,3818.334,-0.007331791513195296,0.9195839066181366
2023-08-17,3831.101,0.003343604828702773,0.9226586318087023
2023-08-18,3784.004,-0.012293332908738352,0.911316082086757
2023-08-21,3729.555,-0.014389255402478485,0.8982029222292246
2023-08-22,3758.227,0.007687780445656323,0.9051081090909698
2023-08-23,3696.634,-0.01638884505911964,0.8902744325293251
2023-08-24,3723.429,0.007248486055151826,0.8967275743387721
2023-08-25,3709.152,-0.0038343688035947787,0.8932891901024044
2023-08-28,3752.619,0.011718851101276018,0.9037575131115939
2023-08-29,3790.107,0.009989823107541707,0.9127858907996905
2023-08-30,3788.51,-0.00042136013574278763,0.9124012792128391
2023-08-31,3765.268,-0.006134865685982094,0.9068038199131501
2023-09-01,3791.491,0.006964444496381228,0.9131192047860417
2023-09-04,3848.952,0.015155251588359286,0.9269577560647367
2023-09-05,3820.317,-0.007439687478565604,0.9200614800537826
2023-09-06,3812.028,-0.0021697152356728866,0.9180652086427542
2023-09-07,3758.475,-0.01404842776600801,0.9051678358746514
2023-09-08,3739.993,-0.0049174199642142424,0.9007167454875569
2023-09-11,3767.537,0.0073647196665875825,0.9073502718170738
2023-09-12,3760.605,-0.0018399288447598083,0.905680811879657
2023-09-13,3736.651,-0.0063697197658355575,0.8999118789106891
2023-09-14,3733.508,-0.0008411275230145732,0.8991549382610496
2023-09-15,3708.777,-0.006624065088383313,0.8931988774254672
2023-09-18,3727.711,0.005105186965945752,0.8977588246924971
2023-09-19,3720.502,-0.0019338945535208873,0.896022653791049
2023-09-20,3705.69,-0.0039811831844197565,0.8924554234689168
2023-09-21,3672.445,-0.008971338671070694,0.8844489036161434
2023-09-22,3738.933,0.01810455976876435,0.9004614616540799
2023-09-25,3714.604,-0.006506936604640967,0.8946022160081745
2023-09-26,3692.893,-0.00584476837907888,0.889373473264196
2023-09-27,3700.495,0.0020585486771482753,0.8912042918510747
2023-09-28,3689.517,-0.002966630140021853,0.8885604183379525
2023-10-09,3684.727,-0.0012982729175661234,0.8874068244112031
2023-10-10,3657.126,-0.007490649917890724,0.8807595705547917
2023-10-11,3667.548,0.0028497787606989178,0.883269540472241
2023-10-12,3702.382,0.009497898868672028,0.8916587452414249
2023-10-13,3663.41,-0.010526196378439656,0.8822729701864606
2023-10-16,3626.597,-0.01004883428281289,0.8734071553168516
2023-10-17,3639.402,0.0035308582674060673,0.8764910321920137
2023-10-18,3610.577,-0.007920257229072192,0.869548997758078
2023-10-19,3533.545,-0.021335094086069928,0.8509970880784616
2023-10-20,3510.589,-0.00649659194944463,0.8454685072470502
2023-10-23,3474.244,-0.010352963562524686,0.8367154025982594
2023-10-24,3487.13,0.0037090083482909098,0.8398187870116399
2023-10-25,3504.458,0.004969129341320766,0.8439919551875719
2023-10-26,3514.145,0.0027641934929738543,0.8463249122582236
2023-10-27,3562.385,0.013727378921473132,0.8579427350194747
2023-10-30,3583.772,0.006003562220254111,0.8630934476105792
2023-10-31,3572.506,-0.0031436151630181985,0.8603802139615689
2023-11-01,3571.027,-0.00041399510595641065,0.8600240207637271
2023-11-02,3554.189,-0.004715170173734351,0.8559688611523268
2023-11-03,3584.136,0.008425832165931624,0.86318111111566
2023-11-06,3632.608,0.013524040382396185,0.8748548073197098
2023-11-07,3619.759,-0.0035371281459491977,0.8717603337571203
2023-11-08,3611.072,-0.0023998835281575648,0.8696682104916355
2023-11-09,3612.826,0.00048572833773463664,0.8700906329858982
2023-11-10,3586.489,-0.007289861177925516,0.8637477930592177
2023-11-13,3579.414,-0.0019726813605172033,0.8620438938876619
2023-11-14,3582.058,0.0007386683965586727,0.862680658468523
2023-11-15,3607.245,0.007031432768537016,0.8687465395192617
2023-11-16,3572.364,-0.009669706382571697,0.8603460155612352
2023-11-17,3568.069,-0.0012022850974873212,0.8593116343680434
2023-11-20,3576.323,0.0023132960713483364,0.8612994765958909
2023-11-21,3581.067,0.0013265021084505335,0.8624419921676026
2023-11-22,3544.416,-0.010234659111376554,0.8536151923744307
2023-11-23,3561.52,0.004825618663272024,0.8577344137780053
2023-11-24,3538.009,-0.006601394910038416,0.8520721701847264
2023-11-27,3511.942,-0.00736770313472912,0.8457943553854409
2023-11-28,3518.523,0.0018738919947995925,0.8473792826572444
2023-11-29,3488.307,-0.008587694325147277,0.8401022484003214
2023-11-30,3496.203,0.002263562238071337,0.8420038721259192
2023-12-01,3482.881,-0.003810419475070548,0.8387954841734858
2023-12-04,3460.138,-0.006529938863831353,0.8333182009425751
2023-12-05,3394.257,-0.019039992046559928,0.8174518290243749
2023-12-06,3399.598,0.0015735402475416382,0.8187381223777712
2023-12-07,3391.282,-0.0024461715767569725,0.8167353484540033
2023-12-08,3399.462,0.0024120671769554125,0.8187053689802685
2023-12-11,3419.455,0.0058812247349726565,0.8235203592469701
2023-12-12,3426.803,0.0021488804502471925,0.8252900060473365
2023-12-13,3369.605,-0.01669135926401366,0.8115147940594004
2023-12-14,3351.964,-0.005235331737696303,0.8072662449024511
2023-12-15,3341.552,-0.0031062386111544438,0.8047586833230534
2023-12-18,3329.366,-0.003646808429137116,0.8018238825732896
2023-12-19,3334.041,0.0014041712446153376,0.8029497806124448
2023-12-20,3297.502,-0.010959373325043154,0.7941499542054515
2023-12-21,3330.87,0.01011917506039417,0.8021860966162605
2023-12-22,3337.228,0.0019088106110416447,0.8037173179495117
2023-12-25,3347.451,0.0030633208159587255,0.8061793619397329
2023-12-26,3324.79,-0.006769628592024235,0.8007218270808458
2023-12-27,3336.357,0.0034790167198530675,0.8035075517052114
2023-12-28,3414.54,0.023433643342124277,0.8223366610945748
2023-12-29,3431.11,0.004852776655127844,0.8263272772461904
